Wk,Day,Date,Time,Home,xG,Score,xG,Away,Attendance,Venue,Referee,
Stade Louis II1,Fri,2020-09-18,20:30 (11:30),Bayern Munich,5.1,8–0,0.2,Schalke 04,,Allianz Arena,Felix Zwayer,
Stade Louis II1,Sat,2020-09-19,15:30 (06:30),Union Berlin,1.3,1–3,1.1,Augsburg,4600,Stadion An der Alten Försterei,Marco Fritz,
Stade Louis II1,Sat,2020-09-19,15:30 (06:30),Werder Bremen,1.0,1–4,2.1,Hertha BSC,8400,Weserstadion,Sascha Stegemann,
Stade Louis II1,Sat,2020-09-19,15:30 (06:30),Eint Frankfurt,1.6,1–1,1.0,Arminia,6500,Commerzbank-Arena,Benjamin Brand,
Stade Louis II1,Sat,2020-09-19,15:30 (06:30),Köln,2.1,2–3,3.1,Hoffenheim,,RheinEnergieSTADION,Daniel Siebert,
Stade Louis II1,Sat,2020-09-19,15:30 (06:30),Stuttgart,3.1,2–3,2.0,Freiburg,7123,Mercedes-Benz Arena,Benjamin Cortus,
Stade Louis II1,Sat,2020-09-19,18:30 (09:30),Dortmund,1.6,3–0,0.6,M'Gladbach,9300,Signal Iduna Park,Felix Brych,
Stade Louis II1,Sun,2020-09-20,15:30 (06:30),RB Leipzig,2.8,3–1,1.2,Mainz 05,8500,Red Bull Arena,Manuel Gräfe,
Stade Louis II1,Sun,2020-09-20,18:00 (09:00),Wolfsburg,1.0,0–0,0.7,Leverkusen,,Volkswagen Arena,Sven Jablonski,
Stade Louis II2,Fri,2020-09-25,20:30 (11:30),Hertha BSC,1.1,1–3,1.7,Eint Frankfurt,4000,Olympiastadion Berlin,Bastian Dankert,
Stade Louis II2,Sat,2020-09-26,15:30 (06:30),Arminia,0.2,1–0,0.9,Köln,5460,SchücoArena,Patrick Ittrich,
Stade Louis II2,Sat,2020-09-26,15:30 (06:30),Augsburg,1.0,2–0,1.7,Dortmund,6000,WWK Arena,Martin Petersen,
Stade Louis II2,Sat,2020-09-26,15:30 (06:30),M'Gladbach,1.3,1–1,0.9,Union Berlin,10383,Stadion im Borussia-Park,Tobias Stieler,
Stade Louis II2,Sat,2020-09-26,15:30 (06:30),Leverkusen,0.8,1–1,0.8,RB Leipzig,6042,BayArena,Harm Osmers,
Stade Louis II2,Sat,2020-09-26,15:30 (06:30),Mainz 05,1.2,1–4,2.7,Stuttgart,3403,Opel Arena,Daniel Schlager,
Stade Louis II2,Sat,2020-09-26,18:30 (09:30),Schalke 04,1.2,1–3,2.4,Werder Bremen,,Veltins-Arena,Markus Schmidt,
Stade Louis II2,Sun,2020-09-27,15:30 (06:30),Hoffenheim,4.0,4–1,1.6,Bayern Munich,,PreZero Arena,Benjamin Brand,
Stade Louis II2,Sun,2020-09-27,18:00 (09:00),Freiburg,1.5,1–1,0.6,Wolfsburg,3200,Schwarzwald-Stadion,Sören Storks,
Stade Louis II3,Fri,2020-10-02,20:30 (11:30),Union Berlin,1.9,4–0,0.2,Mainz 05,4400,Stadion An der Alten Försterei,Sascha Stegemann,
Stade Louis II3,Sat,2020-10-03,15:30 (06:30),Stuttgart,0.8,1–1,1.4,Leverkusen,9500,Mercedes-Benz Arena,Robert Hartmann,
Stade Louis II3,Sat,2020-10-03,15:30 (06:30),Dortmund,3.1,4–0,0.6,Freiburg,11500,Signal Iduna Park,Guido Winkmann,
Stade Louis II3,Sat,2020-10-03,15:30 (06:30),Werder Bremen,0.4,1–0,0.9,Arminia,300,Weserstadion,Robert Schröder,
Stade Louis II3,Sat,2020-10-03,15:30 (06:30),Eint Frankfurt,2.6,2–1,0.5,Hoffenheim,8000,Commerzbank-Arena,Manuel Gräfe,
Stade Louis II3,Sat,2020-10-03,15:30 (06:30),Köln,0.8,1–3,2.2,M'Gladbach,300,RheinEnergieSTADION,Marco Fritz,
Stade Louis II3,Sat,2020-10-03,18:30 (09:30),RB Leipzig,3.2,4–0,0.1,Schalke 04,8500,Red Bull Arena,Florian Badstübner,
Stade Louis II3,Sun,2020-10-04,15:30 (06:30),Wolfsburg,1.2,0–0,0.9,Augsburg,4632,Volkswagen Arena,Felix Zwayer,
Stade Louis II3,Sun,2020-10-04,18:00 (09:00),Bayern Munich,3.8,4–3,1.4,Hertha BSC,,Allianz Arena,Benjamin Cortus,
Stade Louis II4,Sat,2020-10-17,15:30 (06:30),Augsburg,0.7,0–2,1.7,RB Leipzig,,WWK Arena,Felix Brych,
Stade Louis II4,Sat,2020-10-17,15:30 (06:30),Hertha BSC,1.2,0–2,0.8,Stuttgart,4000,Olympiastadion Berlin,Harm Osmers,
Stade Louis II4,Sat,2020-10-17,15:30 (06:30),Freiburg,1.0,1–1,1.6,Werder Bremen,,Schwarzwald-Stadion,Christian Dingert,
Stade Louis II4,Sat,2020-10-17,15:30 (06:30),Mainz 05,0.3,0–1,0.5,Leverkusen,250,Opel Arena,Bastian Dankert,
Stade Louis II4,Sat,2020-10-17,15:30 (06:30),Hoffenheim,1.0,0–1,2.4,Dortmund,6030,PreZero Arena,Sascha Stegemann,
Stade Louis II4,Sat,2020-10-17,18:30 (09:30),Arminia,1.4,1–4,2.6,Bayern Munich,,SchücoArena,Daniel Siebert,
Stade Louis II4,Sat,2020-10-17,20:30 (11:30),M'Gladbach,1.6,1–1,1.2,Wolfsburg,300,Stadion im Borussia-Park,Daniel Schlager,
Stade Louis II4,Sun,2020-10-18,15:30 (06:30),Köln,1.1,1–1,2.1,Eint Frankfurt,300,RheinEnergieSTADION,Sven Jablonski,
Stade Louis II4,Sun,2020-10-18,18:00 (09:00),Schalke 04,0.3,1–1,0.9,Union Berlin,300,Veltins-Arena,Patrick Ittrich,
Stade Louis II5,Fri,2020-10-23,20:30 (11:30),Stuttgart,0.7,1–1,2.2,Köln,,Mercedes-Benz Arena,Guido Winkmann,
Stade Louis II5,Sat,2020-10-24,15:30 (06:30),RB Leipzig,2.3,2–1,0.9,Hertha BSC,999,Red Bull Arena,Tobias Stieler,
Stade Louis II5,Sat,2020-10-24,15:30 (06:30),Union Berlin,1.3,1–1,0.4,Freiburg,4500,Stadion An der Alten Försterei,Robert Schröder,
Stade Louis II5,Sat,2020-10-24,15:30 (06:30),Mainz 05,1.7,2–3,2.9,M'Gladbach,100,Opel Arena,Frank Willenborg,
Stade Louis II5,Sat,2020-10-24,15:30 (06:30),Bayern Munich,3.4,5–0,0.5,Eint Frankfurt,,Allianz Arena,Markus Schmidt,
Stade Louis II5,Sat,2020-10-24,18:30 (09:30),Dortmund,1.5,3–0,0.2,Schalke 04,300,Signal Iduna Park,Felix Zwayer,
Stade Louis II5,Sun,2020-10-25,15:30 (07:30),Wolfsburg,2.1,2–1,0.4,Arminia,4519,Volkswagen Arena,Manuel Gräfe,
Stade Louis II5,Sun,2020-10-25,18:00 (10:00),Werder Bremen,0.3,1–1,1.2,Hoffenheim,,Weserstadion,Daniel Schlager,
Stade Louis II5,Mon,2020-10-26,20:30 (12:30),Leverkusen,2.8,3–1,0.4,Augsburg,,BayArena,Sören Storks,
Stade Louis II6,Fri,2020-10-30,20:30 (12:30),Schalke 04,0.5,1–1,1.6,Stuttgart,,Veltins-Arena,Benjamin Brand,
Stade Louis II6,Sat,2020-10-31,15:30 (07:30),Arminia,0.2,0–2,2.7,Dortmund,,SchücoArena,Bastian Dankert,
Stade Louis II6,Sat,2020-10-31,15:30 (07:30),Eint Frankfurt,2.0,1–1,0.9,Werder Bremen,,Commerzbank-Arena,Felix Brych,
Stade Louis II6,Sat,2020-10-31,15:30 (07:30),Köln,1.0,1–2,1.0,Bayern Munich,,RheinEnergieSTADION,Frank Willenborg,
Stade Louis II6,Sat,2020-10-31,15:30 (07:30),Augsburg,2.0,3–1,0.8,Mainz 05,,WWK Arena,Marco Fritz,
Stade Louis II6,Sat,2020-10-31,18:30 (10:30),M'Gladbach,0.5,1–0,0.9,RB Leipzig,,Stadion im Borussia-Park,Daniel Siebert,
Stade Louis II6,Sun,2020-11-01,15:30 (06:30),Freiburg,1.1,2–4,1.5,Leverkusen,,Schwarzwald-Stadion,Benjamin Cortus,
Stade Louis II6,Sun,2020-11-01,18:00 (09:00),Hertha BSC,1.2,1–1,0.5,Wolfsburg,,Olympiastadion Berlin,Martin Petersen,
Stade Louis II6,Mon,2020-11-02,20:30 (11:30),Hoffenheim,1.3,1–3,4.0,Union Berlin,,PreZero Arena,Robert Hartmann,
Stade Louis II7,Fri,2020-11-06,20:30 (11:30),Werder Bremen,1.7,1–1,0.4,Köln,,Weserstadion,Florian Badstübner,
Stade Louis II7,Sat,2020-11-07,15:30 (06:30),Augsburg,0.7,0–3,2.4,Hertha BSC,,WWK Arena,Frank Willenborg,
Stade Louis II7,Sat,2020-11-07,15:30 (06:30),Union Berlin,2.1,5–0,0.3,Arminia,,Stadion An der Alten Försterei,Matthias Jöllenbeck,
Stade Louis II7,Sat,2020-11-07,15:30 (06:30),RB Leipzig,2.0,3–0,1.0,Freiburg,,Red Bull Arena,Felix Zwayer,
Stade Louis II7,Sat,2020-11-07,15:30 (06:30),Stuttgart,2.3,2–2,2.4,Eint Frankfurt,,Mercedes-Benz Arena,Sascha Stegemann,
Stade Louis II7,Sat,2020-11-07,15:30 (06:30),Mainz 05,3.1,2–2,1.7,Schalke 04,,Opel Arena,Patrick Ittrich,
Stade Louis II7,Sat,2020-11-07,18:30 (09:30),Dortmund,2.0,2–3,1.1,Bayern Munich,,Signal Iduna Park,Manuel Gräfe,
Stade Louis II7,Sun,2020-11-08,15:30 (06:30),Wolfsburg,2.0,2–1,2.0,Hoffenheim,,Volkswagen Arena,Sven Jablonski,
Stade Louis II7,Sun,2020-11-08,18:00 (09:00),Leverkusen,1.6,4–3,2.5,M'Gladbach,,BayArena,Harm Osmers,
Stade Louis II8,Sat,2020-11-21,15:30 (06:30),Hoffenheim,1.9,3–3,2.1,Stuttgart,,PreZero Arena,Daniel Siebert,
Stade Louis II8,Sat,2020-11-21,15:30 (06:30),Arminia,0.0,1–2,1.5,Leverkusen,,SchücoArena,Felix Brych,
Stade Louis II8,Sat,2020-11-21,15:30 (06:30),Bayern Munich,1.2,1–1,1.4,Werder Bremen,,Allianz Arena,Guido Winkmann,
Stade Louis II8,Sat,2020-11-21,15:30 (06:30),M'Gladbach,2.0,1–1,0.7,Augsburg,,Stadion im Borussia-Park,Markus Schmidt,
Stade Louis II8,Sat,2020-11-21,15:30 (06:30),Schalke 04,0.9,0–2,2.1,Wolfsburg,,Veltins-Arena,Marco Fritz,
Stade Louis II8,Sat,2020-11-21,18:30 (09:30),Eint Frankfurt,1.1,1–1,0.9,RB Leipzig,,Commerzbank-Arena,Sören Storks,
Stade Louis II8,Sat,2020-11-21,20:30 (11:30),Hertha BSC,1.3,2–5,3.5,Dortmund,,Olympiastadion Berlin,Bastian Dankert,
Stade Louis II8,Sun,2020-11-22,15:30 (06:30),Freiburg,2.2,1–3,2.8,Mainz 05,,Schwarzwald-Stadion,Martin Petersen,
Stade Louis II8,Sun,2020-11-22,18:00 (09:00),Köln,0.7,1–2,1.9,Union Berlin,,RheinEnergieSTADION,Tobias Stieler,
Stade Louis II9,Fri,2020-11-27,20:30 (11:30),Wolfsburg,1.8,5–3,1.0,Werder Bremen,,Volkswagen Arena,Christian Dingert,
Stade Louis II9,Sat,2020-11-28,15:30 (06:30),Augsburg,0.4,1–1,0.8,Freiburg,,WWK Arena,Robert Schröder,
Stade Louis II9,Sat,2020-11-28,15:30 (06:30),RB Leipzig,2.3,2–1,1.3,Arminia,,Red Bull Arena,Robert Hartmann,
Stade Louis II9,Sat,2020-11-28,15:30 (06:30),Dortmund,2.9,1–2,1.6,Köln,,Signal Iduna Park,Benjamin Brand,
Stade Louis II9,Sat,2020-11-28,15:30 (06:30),Union Berlin,2.8,3–3,2.0,Eint Frankfurt,,Stadion An der Alten Försterei,Tobias Reichel,
Stade Louis II9,Sat,2020-11-28,15:30 (06:30),Stuttgart,1.8,1–3,1.0,Bayern Munich,,Mercedes-Benz Arena,Harm Osmers,
Stade Louis II9,Sat,2020-11-28,18:30 (09:30),M'Gladbach,3.1,4–1,1.0,Schalke 04,,Stadion im Borussia-Park,Manuel Gräfe,
Stade Louis II9,Sun,2020-11-29,15:30 (06:30),Leverkusen,0.7,0–0,0.4,Hertha BSC,,BayArena,Daniel Schlager,
Stade Louis II9,Sun,2020-11-29,18:00 (09:00),Mainz 05,1.4,1–1,1.0,Hoffenheim,,Opel Arena,Sascha Stegemann,
Stade Louis II10,Fri,2020-12-04,20:30 (11:30),Hertha BSC,0.7,3–1,0.3,Union Berlin,,Olympiastadion Berlin,Felix Brych,
Stade Louis II10,Sat,2020-12-05,15:30 (06:30),Köln,0.7,2–2,1.6,Wolfsburg,,RheinEnergieSTADION,Sven Jablonski,
Stade Louis II10,Sat,2020-12-05,15:30 (06:30),Eint Frankfurt,0.8,1–1,1.2,Dortmund,,Commerzbank-Arena,Guido Winkmann,
Stade Louis II10,Sat,2020-12-05,15:30 (06:30),Freiburg,3.3,2–2,1.3,M'Gladbach,,Schwarzwald-Stadion,Tobias Stieler,
Stade Louis II10,Sat,2020-12-05,15:30 (06:30),Arminia,0.8,2–1,2.0,Mainz 05,,SchücoArena,Marco Fritz,
Stade Louis II10,Sat,2020-12-05,18:30 (09:30),Bayern Munich,1.2,3–3,1.5,RB Leipzig,,Allianz Arena,Daniel Siebert,
Stade Louis II10,Sun,2020-12-06,15:30 (06:30),Werder Bremen,0.8,1–2,2.3,Stuttgart,,Weserstadion,Frank Willenborg,
Stade Louis II10,Sun,2020-12-06,18:00 (09:00),Schalke 04,1.3,0–3,2.5,Leverkusen,,Veltins-Arena,Benjamin Cortus,
Stade Louis II10,Mon,2020-12-07,20:30 (11:30),Hoffenheim,1.4,3–1,0.9,Augsburg,,PreZero Arena,Florian Badstübner,
Stade Louis II11,Fri,2020-12-11,20:30 (11:30),Wolfsburg,2.8,2–1,1.5,Eint Frankfurt,,Volkswagen Arena,Markus Schmidt,
Stade Louis II11,Sat,2020-12-12,15:30 (06:30),Dortmund,0.9,1–5,3.9,Stuttgart,,Signal Iduna Park,Christian Dingert,
Stade Louis II11,Sat,2020-12-12,15:30 (06:30),M'Gladbach,1.4,1–1,0.5,Hertha BSC,,Stadion im Borussia-Park,Robert Hartmann,
Stade Louis II11,Sat,2020-12-12,15:30 (06:30),Mainz 05,1.7,0–1,1.0,Köln,,Opel Arena,Felix Zwayer,
Stade Louis II11,Sat,2020-12-12,15:30 (06:30),RB Leipzig,2.7,2–0,0.4,Werder Bremen,,Red Bull Arena,Sören Storks,
Stade Louis II11,Sat,2020-12-12,15:30 (06:30),Freiburg,2.7,2–0,0.2,Arminia,,Schwarzwald-Stadion,Harm Osmers,
Stade Louis II11,Sat,2020-12-12,18:30 (09:30),Union Berlin,1.3,1–1,0.9,Bayern Munich,,Stadion An der Alten Försterei,Bastian Dankert,
Stade Louis II11,Sun,2020-12-13,15:30 (06:30),Augsburg,1.0,2–2,1.9,Schalke 04,,WWK Arena,Manuel Gräfe,
Stade Louis II11,Sun,2020-12-13,18:00 (09:00),Leverkusen,2.3,4–1,1.6,Hoffenheim,,BayArena,Martin Petersen,
Stade Louis II12,Tue,2020-12-15,18:30 (09:30),Eint Frankfurt,2.2,3–3,1.6,M'Gladbach,,Commerzbank-Arena,Benjamin Cortus,
Stade Louis II12,Tue,2020-12-15,20:30 (11:30),Stuttgart,1.7,2–2,0.8,Union Berlin,,Mercedes-Benz Arena,Sascha Stegemann,
Stade Louis II12,Tue,2020-12-15,20:30 (11:30),Werder Bremen,0.2,1–2,2.8,Dortmund,,Weserstadion,Robert Schröder,
Stade Louis II12,Tue,2020-12-15,20:30 (11:30),Hertha BSC,0.6,0–0,0.5,Mainz 05,,Olympiastadion Berlin,Matthias Jöllenbeck,
Stade Louis II12,Wed,2020-12-16,18:30 (09:30),Schalke 04,0.4,0–2,1.4,Freiburg,,Veltins-Arena,Sven Jablonski,
Stade Louis II12,Wed,2020-12-16,20:30 (11:30),Arminia,0.8,0–1,0.6,Augsburg,,SchücoArena,Patrick Ittrich,
Stade Louis II12,Wed,2020-12-16,20:30 (11:30),Bayern Munich,2.0,2–1,1.1,Wolfsburg,,Allianz Arena,Marco Fritz,
Stade Louis II12,Wed,2020-12-16,20:30 (11:30),Köln,0.6,0–4,1.4,Leverkusen,,RheinEnergieSTADION,Tobias Stieler,
Stade Louis II12,Wed,2020-12-16,20:30 (11:30),Hoffenheim,0.8,0–1,0.3,RB Leipzig,,PreZero Arena,Daniel Schlager,
Stade Louis II13,Fri,2020-12-18,20:30 (11:30),Union Berlin,1.1,2–1,1.7,Dortmund,,Stadion An der Alten Försterei,Harm Osmers,
Stade Louis II13,Sat,2020-12-19,15:30 (06:30),Mainz 05,0.5,0–1,0.9,Werder Bremen,,Opel Arena,Guido Winkmann,
Stade Louis II13,Sat,2020-12-19,15:30 (06:30),Schalke 04,0.6,0–1,0.7,Arminia,,Veltins-Arena,Bastian Dankert,
Stade Louis II13,Sat,2020-12-19,15:30 (06:30),Augsburg,2.0,0–2,1.3,Eint Frankfurt,,WWK Arena,Daniel Siebert,
Stade Louis II13,Sat,2020-12-19,15:30 (06:30),RB Leipzig,2.2,0–0,0.5,Köln,,Red Bull Arena,Felix Brych,
Stade Louis II13,Sat,2020-12-19,15:30 (06:30),M'Gladbach,1.8,1–2,1.8,Hoffenheim,,Stadion im Borussia-Park,Frank Willenborg,
Stade Louis II13,Sat,2020-12-19,18:30 (09:30),Leverkusen,0.3,1–2,1.3,Bayern Munich,,BayArena,Felix Zwayer,
Stade Louis II13,Sun,2020-12-20,15:30 (06:30),Freiburg,2.8,4–1,1.8,Hertha BSC,,Schwarzwald-Stadion,Tobias Reichel,
Stade Louis II13,Sun,2020-12-20,18:00 (09:00),Wolfsburg,1.8,1–0,1.7,Stuttgart,,Volkswagen Arena,Florian Badstübner,
Stade Louis II14,Sat,2021-01-02,15:30 (06:30),Köln,0.5,0–1,1.3,Augsburg,,RheinEnergieSTADION,Sören Storks,
Stade Louis II14,Sat,2021-01-02,15:30 (06:30),Eint Frankfurt,1.4,2–1,0.7,Leverkusen,,Commerzbank-Arena,Felix Brych,
Stade Louis II14,Sat,2021-01-02,15:30 (06:30),Arminia,0.2,0–1,2.7,M'Gladbach,,SchücoArena,Sascha Stegemann,
Stade Louis II14,Sat,2021-01-02,15:30 (06:30),Werder Bremen,1.0,0–2,0.8,Union Berlin,,Weserstadion,Tobias Stieler,
Stade Louis II14,Sat,2021-01-02,15:30 (06:30),Hoffenheim,1.2,1–3,1.9,Freiburg,,PreZero Arena,Robert Hartmann,
Stade Louis II14,Sat,2021-01-02,18:30 (09:30),Hertha BSC,2.3,3–0,0.9,Schalke 04,,Olympiastadion Berlin,Sven Jablonski,
Stade Louis II14,Sat,2021-01-02,20:30 (11:30),Stuttgart,1.1,0–1,3.2,RB Leipzig,,Mercedes-Benz Arena,Christian Dingert,
Stade Louis II14,Sun,2021-01-03,15:30 (06:30),Dortmund,1.8,2–0,1.6,Wolfsburg,,Signal Iduna Park,Manuel Gräfe,
Stade Louis II14,Sun,2021-01-03,18:00 (09:00),Bayern Munich,3.5,5–2,1.5,Mainz 05,,Allianz Arena,Markus Schmidt,
Stade Louis II15,Fri,2021-01-08,20:30 (11:30),M'Gladbach,1.3,3–2,1.4,Bayern Munich,,Stadion im Borussia-Park,Harm Osmers,
Stade Louis II15,Sat,2021-01-09,15:30 (06:30),Freiburg,2.9,5–0,0.2,Köln,,Schwarzwald-Stadion,Robert Schröder,
Stade Louis II15,Sat,2021-01-09,15:30 (06:30),Union Berlin,1.4,2–2,1.8,Wolfsburg,,Stadion An der Alten Försterei,Patrick Ittrich,
Stade Louis II15,Sat,2021-01-09,15:30 (06:30),Schalke 04,2.0,4–0,2.4,Hoffenheim,,Veltins-Arena,Felix Zwayer,
Stade Louis II15,Sat,2021-01-09,15:30 (06:30),Mainz 05,1.2,0–2,2.3,Eint Frankfurt,,Opel Arena,Bastian Dankert,
Stade Louis II15,Sat,2021-01-09,15:30 (06:30),Leverkusen,0.8,1–1,0.4,Werder Bremen,,BayArena,Benjamin Cortus,
Stade Louis II15,Sat,2021-01-09,18:30 (09:30),RB Leipzig,1.0,1–3,2.2,Dortmund,,Red Bull Arena,Daniel Siebert,
Stade Louis II15,Sun,2021-01-10,15:30 (06:30),Augsburg,1.0,1–4,4.0,Stuttgart,,WWK Arena,Daniel Schlager,
Stade Louis II15,Sun,2021-01-10,18:00 (09:00),Arminia,0.8,1–0,0.8,Hertha BSC,,SchücoArena,Guido Winkmann,
Stade Louis II16,Fri,2021-01-15,20:30 (11:30),Union Berlin,1.3,1–0,1.2,Leverkusen,,Stadion An der Alten Försterei,Florian Badstübner,
Stade Louis II16,Sat,2021-01-16,15:30 (06:30),Werder Bremen,1.2,2–0,0.5,Augsburg,,Weserstadion,Sascha Stegemann,
Stade Louis II16,Sat,2021-01-16,15:30 (06:30),Wolfsburg,1.2,2–2,2.1,RB Leipzig,,Volkswagen Arena,Tobias Stieler,
Stade Louis II16,Sat,2021-01-16,15:30 (06:30),Hoffenheim,0.7,0–0,0.8,Arminia,,PreZero Arena,Marco Fritz,
Stade Louis II16,Sat,2021-01-16,15:30 (06:30),Dortmund,2.4,1–1,0.8,Mainz 05,,Signal Iduna Park,Sven Jablonski,
Stade Louis II16,Sat,2021-01-16,15:30 (06:30),Köln,0.4,0–0,0.9,Hertha BSC,,RheinEnergieSTADION,Frank Willenborg,
Stade Louis II16,Sat,2021-01-16,18:30 (09:30),Stuttgart,2.0,2–2,1.5,M'Gladbach,,Mercedes-Benz Arena,Felix Brych,
Stade Louis II16,Sun,2021-01-17,15:30 (06:30),Bayern Munich,2.7,2–1,1.0,Freiburg,,Allianz Arena,Christian Dingert,
Stade Louis II16,Sun,2021-01-17,18:00 (09:00),Eint Frankfurt,1.7,3–1,0.2,Schalke 04,,Commerzbank-Arena,Manuel Gräfe,
Stade Louis II17,Tue,2021-01-19,18:30 (09:30),M'Gladbach,0.8,1–0,1.1,Werder Bremen,,Stadion im Borussia-Park,Martin Petersen,
Stade Louis II17,Tue,2021-01-19,20:30 (11:30),Leverkusen,1.8,2–1,2.1,Dortmund,,BayArena,Felix Zwayer,
Stade Louis II17,Tue,2021-01-19,20:30 (11:30),Mainz 05,0.4,0–2,1.1,Wolfsburg,,Opel Arena,Sören Storks,
Stade Louis II17,Tue,2021-01-19,20:30 (11:30),Hertha BSC,1.4,0–3,1.3,Hoffenheim,,Olympiastadion Berlin,Harm Osmers,
Stade Louis II17,Wed,2021-01-20,18:30 (09:30),Schalke 04,1.4,1–2,1.6,Köln,,Veltins-Arena,Daniel Siebert,
Stade Louis II17,Wed,2021-01-20,20:30 (11:30),Augsburg,1.2,0–1,2.0,Bayern Munich,,WWK Arena,Matthias Jöllenbeck,
Stade Louis II17,Wed,2021-01-20,20:30 (11:30),Arminia,2.2,3–0,0.9,Stuttgart,,SchücoArena,Robert Hartmann,
Stade Louis II17,Wed,2021-01-20,20:30 (11:30),RB Leipzig,1.4,1–0,0.3,Union Berlin,,Red Bull Arena,Markus Schmidt,
Stade Louis II17,Wed,2021-01-20,20:30 (11:30),Freiburg,0.7,2–2,1.4,Eint Frankfurt,,Schwarzwald-Stadion,Guido Winkmann,
Stade Louis II18,Fri,2021-01-22,20:30 (11:30),M'Gladbach,1.8,4–2,1.2,Dortmund,,Stadion im Borussia-Park,Manuel Gräfe,
Stade Louis II18,Sat,2021-01-23,15:30 (06:30),Freiburg,1.2,2–1,2.5,Stuttgart,,Schwarzwald-Stadion,Tobias Stieler,
Stade Louis II18,Sat,2021-01-23,15:30 (06:30),Mainz 05,1.6,3–2,1.4,RB Leipzig,,Opel Arena,Christian Dingert,
Stade Louis II18,Sat,2021-01-23,15:30 (06:30),Augsburg,1.0,2–1,1.5,Union Berlin,,WWK Arena,Felix Brych,
Stade Louis II18,Sat,2021-01-23,15:30 (06:30),Arminia,0.6,1–5,2.4,Eint Frankfurt,,SchücoArena,Robert Schröder,
Stade Louis II18,Sat,2021-01-23,15:30 (06:30),Leverkusen,1.0,0–1,1.1,Wolfsburg,,BayArena,Marco Fritz,
Stade Louis II18,Sat,2021-01-23,18:30 (09:30),Hertha BSC,1.9,1–4,1.5,Werder Bremen,,Olympiastadion Berlin,Daniel Schlager,
Stade Louis II18,Sun,2021-01-24,15:30 (06:30),Schalke 04,0.7,0–4,3.1,Bayern Munich,,Veltins-Arena,Sascha Stegemann,
Stade Louis II18,Sun,2021-01-24,18:00 (09:00),Hoffenheim,2.2,3–0,2.0,Köln,,PreZero Arena,Sven Jablonski,
Stade Louis II19,Fri,2021-01-29,20:30 (11:30),Stuttgart,1.0,2–0,0.5,Mainz 05,,Mercedes-Benz Arena,Frank Willenborg,
Stade Louis II19,Sat,2021-01-30,15:30 (06:30),Dortmund,1.9,3–1,0.5,Augsburg,,Signal Iduna Park,Patrick Ittrich,
Stade Louis II19,Sat,2021-01-30,15:30 (06:30),Bayern Munich,2.0,4–1,2.1,Hoffenheim,,Allianz Arena,Benjamin Cortus,
Stade Louis II19,Sat,2021-01-30,15:30 (06:30),Union Berlin,0.5,1–1,0.9,M'Gladbach,,Stadion An der Alten Försterei,Bastian Dankert,
Stade Louis II19,Sat,2021-01-30,15:30 (06:30),Werder Bremen,0.7,1–1,0.3,Schalke 04,,Weserstadion,Sören Storks,
Stade Louis II19,Sat,2021-01-30,15:30 (06:30),Eint Frankfurt,2.3,3–1,0.5,Hertha BSC,,Commerzbank-Arena,Florian Badstübner,
Stade Louis II19,Sat,2021-01-30,18:30 (09:30),RB Leipzig,1.7,1–0,0.5,Leverkusen,,Red Bull Arena,Harm Osmers,
Stade Louis II19,Sun,2021-01-31,15:30 (06:30),Köln,1.7,3–1,1.5,Arminia,,RheinEnergieSTADION,Felix Zwayer,
Stade Louis II19,Sun,2021-01-31,18:00 (09:00),Wolfsburg,2.3,3–0,0.7,Freiburg,,Volkswagen Arena,Tobias Reichel,
Stade Louis II20,Fri,2021-02-05,20:00 (11:00),Hertha BSC,1.4,0–1,2.4,Bayern Munich,,Olympiastadion Berlin,Robert Schröder,
Stade Louis II20,Sat,2021-02-06,15:30 (06:30),Freiburg,0.2,2–1,1.5,Dortmund,,Schwarzwald-Stadion,Felix Brych,
Stade Louis II20,Sat,2021-02-06,15:30 (06:30),Augsburg,0.6,0–2,2.3,Wolfsburg,,WWK Arena,Robert Hartmann,
Stade Louis II20,Sat,2021-02-06,15:30 (06:30),Leverkusen,3.9,5–2,1.5,Stuttgart,,BayArena,Sven Jablonski,
Stade Louis II20,Sat,2021-02-06,15:30 (06:30),Schalke 04,0.2,0–3,2.1,RB Leipzig,,Veltins-Arena,Martin Petersen,
Stade Louis II20,Sat,2021-02-06,15:30 (06:30),Mainz 05,1.9,1–0,0.8,Union Berlin,,Opel Arena,Sascha Stegemann,
Stade Louis II20,Sat,2021-02-06,18:30 (09:30),M'Gladbach,0.8,1–2,0.5,Köln,,Stadion im Borussia-Park,Christian Dingert,
Stade Louis II20,Sun,2021-02-07,15:30 (06:30),Hoffenheim,0.9,1–3,1.0,Eint Frankfurt,,PreZero Arena,Daniel Siebert,
Stade Louis II21,Fri,2021-02-12,20:30 (11:30),RB Leipzig,2.9,2–1,0.9,Augsburg,,Red Bull Arena,Felix Zwayer,
Stade Louis II21,Sat,2021-02-13,15:30 (06:30),Stuttgart,1.3,1–1,1.4,Hertha BSC,,Mercedes-Benz Arena,Harm Osmers,
Stade Louis II21,Sat,2021-02-13,15:30 (06:30),Leverkusen,1.3,2–2,2.5,Mainz 05,,BayArena,Guido Winkmann,
Stade Louis II21,Sat,2021-02-13,15:30 (06:30),Werder Bremen,0.7,0–0,0.8,Freiburg,,Weserstadion,Manuel Gräfe,
Stade Louis II21,Sat,2021-02-13,15:30 (06:30),Dortmund,1.7,2–2,2.6,Hoffenheim,,Signal Iduna Park,Bastian Dankert,
Stade Louis II21,Sat,2021-02-13,18:30 (09:30),Union Berlin,2.3,0–0,0.4,Schalke 04,,Stadion An der Alten Försterei,Daniel Schlager,
Stade Louis II21,Sun,2021-02-14,15:30 (06:30),Eint Frankfurt,2.0,2–0,0.4,Köln,,Commerzbank-Arena,Frank Willenborg,
Stade Louis II21,Sun,2021-02-14,18:00 (09:00),Wolfsburg,0.8,0–0,0.6,M'Gladbach,,Volkswagen Arena,Tobias Stieler,
Stade Louis II21,Mon,2021-02-15,20:30 (11:30),Bayern Munich,2.1,3–3,1.2,Arminia,,Allianz Arena,Florian Badstübner,
Stade Louis II22,Fri,2021-02-19,20:30 (11:30),Arminia,0.6,0–3,1.1,Wolfsburg,,SchücoArena,Felix Brych,
Stade Louis II22,Sat,2021-02-20,15:30 (06:30),Eint Frankfurt,1.1,2–1,2.0,Bayern Munich,,Commerzbank-Arena,Sascha Stegemann,
Stade Louis II22,Sat,2021-02-20,15:30 (06:30),Köln,0.7,0–1,0.5,Stuttgart,,RheinEnergieSTADION,Benjamin Cortus,
Stade Louis II22,Sat,2021-02-20,15:30 (06:30),Freiburg,0.4,0–1,1.2,Union Berlin,,Schwarzwald-Stadion,Sören Storks,
Stade Louis II22,Sat,2021-02-20,15:30 (06:30),M'Gladbach,0.8,1–2,0.7,Mainz 05,,Stadion im Borussia-Park,Markus Schmidt,
Stade Louis II22,Sat,2021-02-20,18:30 (09:30),Schalke 04,0.8,0–4,1.7,Dortmund,,Veltins-Arena,Daniel Siebert,
Stade Louis II22,Sun,2021-02-21,13:30 (04:30),Augsburg,1.5,1–1,0.5,Leverkusen,,WWK Arena,Christian Dingert,
Stade Louis II22,Sun,2021-02-21,15:30 (06:30),Hertha BSC,0.6,0–3,1.0,RB Leipzig,,Olympiastadion Berlin,Sven Jablonski,
Stade Louis II22,Sun,2021-02-21,18:00 (09:00),Hoffenheim,1.7,4–0,0.1,Werder Bremen,,PreZero Arena,Robert Schröder,
Stade Louis II23,Fri,2021-02-26,20:30 (11:30),Werder Bremen,1.0,2–1,0.9,Eint Frankfurt,,Weserstadion,Robert Hartmann,
Stade Louis II23,Sat,2021-02-27,15:30 (06:30),Bayern Munich,2.1,5–1,1.0,Köln,,Allianz Arena,Martin Petersen,
Stade Louis II23,Sat,2021-02-27,15:30 (06:30),Stuttgart,2.5,5–1,1.5,Schalke 04,,Mercedes-Benz Arena,Guido Winkmann,
Stade Louis II23,Sat,2021-02-27,15:30 (06:30),Dortmund,3.6,3–0,0.6,Arminia,,Signal Iduna Park,Tobias Reichel,
Stade Louis II23,Sat,2021-02-27,15:30 (06:30),Wolfsburg,0.5,2–0,1.2,Hertha BSC,,Volkswagen Arena,Bastian Dankert,
Stade Louis II23,Sat,2021-02-27,18:30 (09:30),RB Leipzig,1.8,3–2,1.3,M'Gladbach,,Red Bull Arena,Manuel Gräfe,
Stade Louis II23,Sun,2021-02-28,13:30 (04:30),Union Berlin,1.0,1–1,1.3,Hoffenheim,,Stadion An der Alten Försterei,Tobias Stieler,
Stade Louis II23,Sun,2021-02-28,15:30 (06:30),Mainz 05,0.6,0–1,1.6,Augsburg,,Opel Arena,Daniel Schlager,
Stade Louis II23,Sun,2021-02-28,18:00 (09:00),Leverkusen,1.6,1–2,1.4,Freiburg,,BayArena,Felix Zwayer,
Stade Louis II24,Fri,2021-03-05,20:30 (11:30),Schalke 04,0.2,0–0,1.1,Mainz 05,,Veltins-Arena,Felix Brych,
Stade Louis II24,Sat,2021-03-06,15:30 (06:30),Hertha BSC,2.3,2–1,0.4,Augsburg,,Olympiastadion Berlin,Florian Badstübner,
Stade Louis II24,Sat,2021-03-06,15:30 (06:30),Hoffenheim,1.1,2–1,1.9,Wolfsburg,,PreZero Arena,Markus Schmidt,
Stade Louis II24,Sat,2021-03-06,15:30 (06:30),M'Gladbach,0.6,0–1,1.5,Leverkusen,,Stadion im Borussia-Park,Daniel Siebert,
Stade Louis II24,Sat,2021-03-06,15:30 (06:30),Freiburg,0.1,0–3,1.8,RB Leipzig,,Schwarzwald-Stadion,Guido Winkmann,
Stade Louis II24,Sat,2021-03-06,15:30 (06:30),Eint Frankfurt,1.6,1–1,0.5,Stuttgart,,Commerzbank-Arena,Robert Schröder,
Stade Louis II24,Sat,2021-03-06,18:30 (09:30),Bayern Munich,2.9,4–2,0.6,Dortmund,,Allianz Arena,Marco Fritz,
Stade Louis II24,Sun,2021-03-07,15:30 (06:30),Köln,1.6,1–1,1.3,Werder Bremen,,RheinEnergieSTADION,Matthias Jöllenbeck,
Stade Louis II24,Sun,2021-03-07,18:00 (09:00),Arminia,0.5,0–0,0.8,Union Berlin,,SchücoArena,Harm Osmers,
Stade Louis II20,Wed,2021-03-10,18:30 (09:30),Arminia,2.6,0–2,1.5,Werder Bremen,,SchücoArena,Markus Schmidt,
Stade Louis II25,Fri,2021-03-12,20:30 (11:30),Augsburg,1.6,3–1,3.0,M'Gladbach,,WWK Arena,Sven Jablonski,
Stade Louis II25,Sat,2021-03-13,15:30 (06:30),Mainz 05,1.7,1–0,0.9,Freiburg,,Opel Arena,Benjamin Cortus,
Stade Louis II25,Sat,2021-03-13,15:30 (06:30),Wolfsburg,1.7,5–0,0.2,Schalke 04,,Volkswagen Arena,Sören Storks,
Stade Louis II25,Sat,2021-03-13,15:30 (06:30),Union Berlin,2.3,2–1,1.3,Köln,,Stadion An der Alten Försterei,Deniz Aytekin,
Stade Louis II25,Sat,2021-03-13,15:30 (06:30),Werder Bremen,1.2,1–3,3.0,Bayern Munich,,Weserstadion,Manuel Gräfe,
Stade Louis II25,Sat,2021-03-13,18:30 (09:30),Dortmund,1.4,2–0,0.4,Hertha BSC,,Signal Iduna Park,Martin Petersen,
Stade Louis II25,Sun,2021-03-14,13:30 (05:30),Leverkusen,2.5,1–2,1.5,Arminia,,BayArena,Sascha Stegemann,
Stade Louis II25,Sun,2021-03-14,15:30 (07:30),RB Leipzig,1.8,1–1,1.0,Eint Frankfurt,,Red Bull Arena,Felix Zwayer,
Stade Louis II25,Sun,2021-03-14,18:00 (10:00),Stuttgart,0.8,2–0,1.1,Hoffenheim,,Mercedes-Benz Arena,Christian Dingert,
Stade Louis II26,Fri,2021-03-19,20:30 (12:30),Arminia,0.3,0–1,2.8,RB Leipzig,,SchücoArena,Frank Willenborg,
Stade Louis II26,Sat,2021-03-20,15:30 (07:30),Köln,1.4,2–2,1.8,Dortmund,,RheinEnergieSTADION,Daniel Siebert,
Stade Louis II26,Sat,2021-03-20,15:30 (07:30),Werder Bremen,0.7,1–2,1.6,Wolfsburg,,Weserstadion,Robert Schröder,
Stade Louis II26,Sat,2021-03-20,15:30 (07:30),Bayern Munich,2.2,4–0,0.8,Stuttgart,,Allianz Arena,Daniel Schlager,
Stade Louis II26,Sat,2021-03-20,15:30 (07:30),Eint Frankfurt,2.4,5–2,2.8,Union Berlin,,Commerzbank-Arena,Markus Schmidt,
Stade Louis II26,Sat,2021-03-20,18:30 (10:30),Schalke 04,0.2,0–3,2.4,M'Gladbach,,Veltins-Arena,Tobias Stieler,
Stade Louis II26,Sun,2021-03-21,13:30 (05:30),Hoffenheim,1.3,1–2,3.5,Mainz 05,,PreZero Arena,Marco Fritz,
Stade Louis II26,Sun,2021-03-21,15:30 (07:30),Hertha BSC,1.9,3–0,1.9,Leverkusen,,Olympiastadion Berlin,Felix Brych,
Stade Louis II26,Sun,2021-03-21,18:00 (10:00),Freiburg,1.4,2–0,1.0,Augsburg,,Schwarzwald-Stadion,Bastian Dankert,
Stade Louis II27,Sat,2021-04-03,15:30 (06:30),Augsburg,0.6,2–1,1.0,Hoffenheim,,WWK Arena,Guido Winkmann,
Stade Louis II27,Sat,2021-04-03,15:30 (06:30),Mainz 05,1.8,1–1,0.5,Arminia,,Opel Arena,Deniz Aytekin,
Stade Louis II27,Sat,2021-04-03,15:30 (06:30),Dortmund,1.7,1–2,1.4,Eint Frankfurt,,Signal Iduna Park,Manuel Gräfe,
Stade Louis II27,Sat,2021-04-03,15:30 (06:30),Leverkusen,0.7,2–1,0.6,Schalke 04,,BayArena,Sven Jablonski,
Stade Louis II27,Sat,2021-04-03,15:30 (06:30),Wolfsburg,0.8,1–0,1.2,Köln,,Volkswagen Arena,Robert Hartmann,
Stade Louis II27,Sat,2021-04-03,18:30 (09:30),RB Leipzig,0.7,0–1,0.6,Bayern Munich,,Red Bull Arena,Daniel Siebert,
Stade Louis II27,Sat,2021-04-03,20:30 (11:30),M'Gladbach,1.9,2–1,1.7,Freiburg,,Stadion im Borussia-Park,Christian Dingert,
Stade Louis II27,Sun,2021-04-04,15:30 (06:30),Stuttgart,0.8,1–0,0.6,Werder Bremen,,Mercedes-Benz Arena,Felix Zwayer,
Stade Louis II27,Sun,2021-04-04,18:00 (09:00),Union Berlin,0.5,1–1,0.9,Hertha BSC,,Stadion An der Alten Försterei,Sascha Stegemann,
Stade Louis II28,Fri,2021-04-09,20:30 (11:30),Arminia,1.4,1–0,0.6,Freiburg,,SchücoArena,Martin Petersen,
Stade Louis II28,Sat,2021-04-10,15:30 (06:30),Hertha BSC,1.6,2–2,1.3,M'Gladbach,,Olympiastadion Berlin,Patrick Ittrich,
Stade Louis II28,Sat,2021-04-10,15:30 (06:30),Bayern Munich,1.0,1–1,1.1,Union Berlin,,Allianz Arena,Tobias Stieler,
Stade Louis II28,Sat,2021-04-10,15:30 (06:30),Werder Bremen,1.4,1–4,1.6,RB Leipzig,,Weserstadion,Florian Badstübner,
Stade Louis II28,Sat,2021-04-10,15:30 (06:30),Eint Frankfurt,1.6,4–3,1.8,Wolfsburg,,Commerzbank-Arena,Marco Fritz,
Stade Louis II28,Sat,2021-04-10,18:30 (09:30),Stuttgart,1.4,2–3,1.3,Dortmund,,Mercedes-Benz Arena,Robert Schröder,
Stade Louis II28,Sun,2021-04-11,15:30 (06:30),Schalke 04,0.7,1–0,0.9,Augsburg,,Veltins-Arena,Harm Osmers,
Stade Louis II28,Sun,2021-04-11,18:00 (09:00),Köln,2.5,2–3,1.7,Mainz 05,,RheinEnergieSTADION,Felix Brych,
Stade Louis II28,Mon,2021-04-12,20:30 (11:30),Hoffenheim,0.1,0–0,0.6,Leverkusen,,PreZero Arena,Matthias Jöllenbeck,
Stade Louis II29,Fri,2021-04-16,20:30 (11:30),RB Leipzig,1.3,0–0,0.2,Hoffenheim,,Red Bull Arena,Manuel Gräfe,
Stade Louis II29,Sat,2021-04-17,15:30 (06:30),Freiburg,2.0,4–0,0.7,Schalke 04,,Schwarzwald-Stadion,Tobias Reichel,
Stade Louis II29,Sat,2021-04-17,15:30 (06:30),Union Berlin,1.4,2–1,0.7,Stuttgart,,Stadion An der Alten Försterei,Benjamin Cortus,
Stade Louis II29,Sat,2021-04-17,15:30 (06:30),Augsburg,0.6,0–0,0.7,Arminia,,WWK Arena,Markus Schmidt,
Stade Louis II29,Sat,2021-04-17,15:30 (06:30),M'Gladbach,2.1,4–0,0.9,Eint Frankfurt,,Stadion im Borussia-Park,Deniz Aytekin,
Stade Louis II29,Sat,2021-04-17,15:30 (06:30),Wolfsburg,1.2,2–3,2.1,Bayern Munich,,Volkswagen Arena,Felix Zwayer,
Stade Louis II29,Sat,2021-04-17,18:30 (09:30),Leverkusen,1.8,3–0,1.2,Köln,,BayArena,Sören Storks,
Stade Louis II29,Sun,2021-04-18,15:30 (06:30),Dortmund,2.9,4–1,0.9,Werder Bremen,,Signal Iduna Park,Bastian Dankert,
Stade Louis II30,Tue,2021-04-20,18:30 (09:30),Köln,0.7,2–1,2.5,RB Leipzig,,RheinEnergieSTADION,Frank Willenborg,
Stade Louis II30,Tue,2021-04-20,20:30 (11:30),Arminia,1.9,1–0,0.3,Schalke 04,,SchücoArena,Christian Dingert,
Stade Louis II30,Tue,2021-04-20,20:30 (11:30),Bayern Munich,1.7,2–0,0.4,Leverkusen,,Allianz Arena,Guido Winkmann,
Stade Louis II30,Tue,2021-04-20,20:30 (11:30),Eint Frankfurt,1.1,2–0,1.6,Augsburg,,Commerzbank-Arena,Robert Schröder,
Stade Louis II30,Wed,2021-04-21,20:30 (11:30),Stuttgart,2.0,1–3,1.5,Wolfsburg,,Mercedes-Benz Arena,Felix Brych,
Stade Louis II30,Wed,2021-04-21,20:30 (11:30),Dortmund,4.3,2–0,0.3,Union Berlin,,Signal Iduna Park,Daniel Schlager,
Stade Louis II30,Wed,2021-04-21,20:30 (11:30),Werder Bremen,1.1,0–1,1.5,Mainz 05,,Weserstadion,Marco Fritz,
Stade Louis II30,Wed,2021-04-21,20:30 (11:30),Hoffenheim,2.1,3–2,0.9,M'Gladbach,,PreZero Arena,Daniel Siebert,
Stade Louis II31,Fri,2021-04-23,20:30 (11:30),Augsburg,1.6,2–3,1.3,Köln,,WWK Arena,Martin Petersen,
Stade Louis II31,Sat,2021-04-24,15:30 (06:30),Mainz 05,0.5,2–1,1.7,Bayern Munich,,Opel Arena,Harm Osmers,
Stade Louis II31,Sat,2021-04-24,15:30 (06:30),Wolfsburg,1.2,0–2,1.3,Dortmund,,Volkswagen Arena,Tobias Stieler,
Stade Louis II31,Sat,2021-04-24,15:30 (06:30),Freiburg,1.8,1–1,1.6,Hoffenheim,,Schwarzwald-Stadion,Manuel Gräfe,
Stade Louis II31,Sat,2021-04-24,15:30 (06:30),Union Berlin,1.9,3–1,0.7,Werder Bremen,,Stadion An der Alten Försterei,Patrick Ittrich,
Stade Louis II31,Sat,2021-04-24,18:30 (09:30),Leverkusen,2.2,3–1,2.4,Eint Frankfurt,,BayArena,Felix Zwayer,
Stade Louis II31,Sun,2021-04-25,15:30 (06:30),RB Leipzig,4.2,2–0,0.2,Stuttgart,,Red Bull Arena,Deniz Aytekin,
Stade Louis II31,Sun,2021-04-25,18:00 (09:00),M'Gladbach,3.7,5–0,0.7,Arminia,,Stadion im Borussia-Park,Robert Hartmann,
Stade Louis II29,Mon,2021-05-03,18:00 (09:00),Mainz 05,1.9,1–1,1.5,Hertha BSC,,SchücoArena,Sascha Stegemann,
Stade Louis II30,Thu,2021-05-06,18:30 (09:30),Hertha BSC,1.5,3–0,1.0,Freiburg,,Olympiastadion Berlin,Benjamin Cortus,
Stade Louis II32,Fri,2021-05-07,20:30 (11:30),Stuttgart,1.3,2–1,2.1,Augsburg,,Mercedes-Benz Arena,Manuel Gräfe,
Stade Louis II32,Sat,2021-05-08,15:30 (06:30),Dortmund,2.2,3–2,1.9,RB Leipzig,,Signal Iduna Park,Daniel Siebert,
Stade Louis II32,Sat,2021-05-08,15:30 (06:30),Hoffenheim,1.4,4–2,0.9,Schalke 04,,PreZero Arena,Guido Winkmann,
Stade Louis II32,Sat,2021-05-08,15:30 (06:30),Werder Bremen,0.6,0–0,1.3,Leverkusen,,Weserstadion,Markus Schmidt,
Stade Louis II32,Sat,2021-05-08,15:30 (06:30),Wolfsburg,1.8,3–0,0.5,Union Berlin,,Volkswagen Arena,Sven Jablonski,
Stade Louis II32,Sat,2021-05-08,18:30 (09:30),Bayern Munich,3.3,6–0,1.2,M'Gladbach,,Allianz Arena,Tobias Stieler,
Stade Louis II32,Sun,2021-05-09,13:30 (04:30),Köln,1.8,1–4,2.6,Freiburg,,RheinEnergieSTADION,Marco Fritz,
Stade Louis II32,Sun,2021-05-09,15:30 (06:30),Eint Frankfurt,0.9,1–1,0.4,Mainz 05,,Commerzbank-Arena,Felix Brych,
Stade Louis II32,Sun,2021-05-09,18:00 (09:00),Hertha BSC,0.8,0–0,0.5,Arminia,,Olympiastadion Berlin,Bastian Dankert,
Stade Louis II31,Wed,2021-05-12,18:00 (09:00),Schalke 04,1.3,1–2,1.9,Hertha BSC,,Veltins-Arena,Markus Schmidt,
Stade Louis II33,Sat,2021-05-15,15:30 (06:30),Hertha BSC,0.2,0–0,1.4,Köln,,Olympiastadion Berlin,Deniz Aytekin,
Stade Louis II33,Sat,2021-05-15,15:30 (06:30),Schalke 04,2.8,4–3,2.6,Eint Frankfurt,,Veltins-Arena,Sven Jablonski,
Stade Louis II33,Sat,2021-05-15,15:30 (06:30),Arminia,1.8,1–1,1.4,Hoffenheim,,SchücoArena,Daniel Schlager,
Stade Louis II33,Sat,2021-05-15,15:30 (06:30),Leverkusen,1.3,1–1,1.5,Union Berlin,,BayArena,Patrick Ittrich,
Stade Louis II33,Sat,2021-05-15,15:30 (06:30),Augsburg,1.6,2–0,1.2,Werder Bremen,,WWK Arena,Robert Schröder,
Stade Louis II33,Sat,2021-05-15,15:30 (06:30),M'Gladbach,0.6,1–2,0.7,Stuttgart,,Stadion im Borussia-Park,Sascha Stegemann,
Stade Louis II33,Sat,2021-05-15,15:30 (06:30),Freiburg,1.4,2–2,3.4,Bayern Munich,,Schwarzwald-Stadion,Florian Badstübner,
Stade Louis II33,Sun,2021-05-16,18:00 (09:00),Mainz 05,1.3,1–3,1.9,Dortmund,,Opel Arena,Harm Osmers,
Stade Louis II33,Sun,2021-05-16,20:30 (11:30),RB Leipzig,2.0,2–2,1.0,Wolfsburg,,Red Bull Arena,Felix Zwayer,
Stade Louis II34,Sat,2021-05-22,15:30 (06:30),Dortmund,1.3,3–1,1.8,Leverkusen,,Signal Iduna Park,Manuel Gräfe,
Stade Louis II34,Sat,2021-05-22,15:30 (06:30),Bayern Munich,4.1,5–2,1.5,Augsburg,250,Allianz Arena,Markus Schmidt,
Stade Louis II34,Sat,2021-05-22,15:30 (06:30),Stuttgart,1.0,0–2,1.6,Arminia,,Mercedes-Benz Arena,Tobias Stieler,
Stade Louis II34,Sat,2021-05-22,15:30 (06:30),Werder Bremen,2.1,2–4,2.0,M'Gladbach,100,Weserstadion,Felix Brych,
Stade Louis II34,Sat,2021-05-22,15:30 (06:30),Hoffenheim,2.6,2–1,1.5,Hertha BSC,100,PreZero Arena,Frank Willenborg,
Stade Louis II34,Sat,2021-05-22,15:30 (06:30),Eint Frankfurt,1.9,3–1,0.9,Freiburg,,Commerzbank-Arena,Christian Dingert,
Stade Louis II34,Sat,2021-05-22,15:30 (06:30),Wolfsburg,1.4,2–3,2.6,Mainz 05,,Volkswagen Arena,Bastian Dankert,
Stade Louis II34,Sat,2021-05-22,15:30 (06:30),Union Berlin,0.9,2–1,2.6,RB Leipzig,2000,Stadion An der Alten Försterei,Guido Winkmann,
Stade Louis II34,Sat,2021-05-22,15:30 (06:30),Köln,2.2,1–0,0.5,Schalke 04,,RheinEnergieSTADION,Daniel Siebert,
