Wk,Day,Date,Time,Home,xG,Score,xG,Away,Attendance,Venue,Referee
1,Sat,2020-09-19,18:00 (09:00),Fiorentina,1.9,1–0,0.6,Torino,,Stadio Artemio Franchi,Rosario Abisso
1,Sat,2020-09-19,20:45 (11:45),Hellas Verona,1.3,3–0,1.7,Roma,,Stadio Marc'Antonio Bentegodi,Daniele Chiffi
1,Sun,2020-09-20,12:30 (03:30),Parma,0.2,0–2,1.6,Napoli,1000,Stadio Ennio Tardini,Maurizio Mariani
1,Sun,2020-09-20,15:00 (06:00),Genoa,2.0,4–1,1.2,Crotone,,Stadio Comunale Luigi Ferraris,Giovanni Ayroldi
1,Sun,2020-09-20,18:00 (09:00),Sassuolo,2.3,1–1,1.0,Cagliari,850,Stadio Città del Tricolore,Livio Marinelli
1,Sun,2020-09-20,20:45 (11:45),Juventus,2.4,3–0,0.8,Sampdoria,1000,Allianz Stadium,Marco Piccinini
1,Mon,2020-09-21,20:45 (11:45),Milan,2.9,2–0,0.9,Bologna,1000,Stadio Giuseppe Meazza,Federico La Penna
2,Sat,2020-09-26,15:00 (06:00),Torino,0.7,2–4,1.6,Atalanta,1000,Stadio Olimpico di Torino,Massimiliano Irrati
2,Sat,2020-09-26,18:00 (09:00),Cagliari,1.0,0–2,2.1,Lazio,1000,Sardegna Arena,Davide Massa
2,Sat,2020-09-26,18:00 (09:00),Sampdoria,1.6,2–3,1.2,Benevento,1000,Stadio Comunale Luigi Ferraris,Federico Dionisi
2,Sat,2020-09-26,20:45 (11:45),Inter,2.8,4–3,2.5,Fiorentina,1000,Stadio Giuseppe Meazza,Giampaolo Calvarese
2,Sun,2020-09-27,12:30 (03:30),Spezia,1.1,1–4,2.8,Sassuolo,1000,Stadio Dino Manuzzi,Davide Ghersini
2,Sun,2020-09-27,15:00 (06:00),Hellas Verona,1.0,1–0,1.7,Udinese,1000,Stadio Marc'Antonio Bentegodi,Manuel Volpi
2,Sun,2020-09-27,18:00 (09:00),Napoli,2.4,6–0,0.6,Genoa,1000,Stadio San Paolo,Juan Sacchi
2,Sun,2020-09-27,18:00 (09:00),Crotone,0.3,0–2,2.4,Milan,,Stadio Ezio Scida,Luca Pairetto
2,Sun,2020-09-27,20:45 (11:45),Roma,2.7,2–2,1.3,Juventus,1000,Stadio Olimpico,Marco Di Bello
2,Mon,2020-09-28,20:45 (11:45),Bologna,2.2,4–1,1.0,Parma,1000,Stadio Renato Dall'Ara,Paolo Valeri
1,Wed,2020-09-30,18:00 (09:00),Udinese,2.1,0–2,0.7,Spezia,1000,Dacia Arena,Alessandro Prontera
1,Wed,2020-09-30,18:00 (09:00),Benevento,1.5,2–5,3.5,Inter,1000,Stadio Ciro Vigorito,Marco Piccinini
1,Wed,2020-09-30,20:45 (11:45),Lazio,2.6,1–4,1.7,Atalanta,1000,Stadio Olimpico,Fabio Maresca
3,Fri,2020-10-02,20:45 (11:45),Fiorentina,2.1,1–2,2.4,Sampdoria,1000,Stadio Artemio Franchi,Piero Giacomelli
3,Sat,2020-10-03,15:00 (06:00),Sassuolo,1.7,4–1,1.8,Crotone,1000,Stadio Città del Tricolore,Ivan Pezzuto
3,Sat,2020-10-03,20:45 (11:45),Udinese,0.9,0–1,0.8,Roma,1000,Dacia Arena,Rosario Abisso
3,Sun,2020-10-04,12:30 (03:30),Atalanta,3.5,5–2,1.0,Cagliari,1000,Stadio Atleti Azzurri d'Italia,Fabrizio Pasqua
3,Sun,2020-10-04,15:00 (06:00),Lazio,1.3,1–1,0.9,Inter,1000,Stadio Olimpico,Marco Guida
3,Sun,2020-10-04,15:00 (06:00),Benevento,0.9,1–0,1.8,Bologna,1000,Stadio Ciro Vigorito,Simone Sozza
3,Sun,2020-10-04,15:00 (06:00),Parma,1.6,1–0,0.5,Hellas Verona,1000,Stadio Ennio Tardini,Antonio Giua
3,Sun,2020-10-04,18:00 (09:00),Milan,2.0,3–0,0.2,Spezia,1000,Stadio Giuseppe Meazza,Marco Serra
4,Sat,2020-10-17,15:00 (06:00),Napoli,1.7,4–1,1.0,Atalanta,1000,Stadio San Paolo,Marco Di Bello
4,Sat,2020-10-17,18:00 (09:00),Sampdoria,1.3,3–0,0.6,Lazio,1000,Stadio Comunale Luigi Ferraris,Daniele Orsato
4,Sat,2020-10-17,18:00 (09:00),Inter,2.4,1–2,2.3,Milan,1000,Stadio Giuseppe Meazza,Maurizio Mariani
4,Sat,2020-10-17,20:45 (11:45),Crotone,1.1,1–1,1.6,Juventus,1000,Stadio Ezio Scida,Francesco Fourneau
4,Sun,2020-10-18,12:30 (03:30),Bologna,1.4,3–4,2.8,Sassuolo,1000,Stadio Renato Dall'Ara,Daniele Doveri
4,Sun,2020-10-18,15:00 (06:00),Torino,1.7,2–3,2.1,Cagliari,1000,Stadio Olimpico di Torino,Federico La Penna
4,Sun,2020-10-18,15:00 (06:00),Spezia,1.1,2–2,1.4,Fiorentina,1000,Stadio Dino Manuzzi,Gianluca Manganiello
4,Sun,2020-10-18,18:00 (09:00),Udinese,1.3,3–2,1.0,Parma,1000,Dacia Arena,Michael Fabbri
4,Sun,2020-10-18,20:45 (11:45),Roma,4.4,5–2,1.8,Benevento,1000,Stadio Olimpico,Giovanni Ayroldi
4,Mon,2020-10-19,20:45 (11:45),Hellas Verona,1.4,0–0,0.4,Genoa,10002,Stadio Marc'Antonio Bentegodi,Antonio Rapuano
5,Fri,2020-10-23,20:45 (11:45),Sassuolo,2.0,3–3,2.1,Torino,700,Stadio Città del Tricolore,Marco Guida
5,Sat,2020-10-24,15:00 (06:00),Atalanta,2.1,1–3,1.9,Sampdoria,1000,Stadio Atleti Azzurri d'Italia,Giampaolo Calvarese
5,Sat,2020-10-24,18:00 (09:00),Genoa,0.0,0–2,1.8,Inter,1000,Stadio Comunale Luigi Ferraris,Davide Massa
5,Sat,2020-10-24,20:45 (11:45),Lazio,1.0,2–1,1.5,Bologna,1000,Stadio Olimpico,Massimiliano Irrati
5,Sun,2020-10-25,12:30 (04:30),Cagliari,2.4,4–2,1.6,Crotone,1000,Sardegna Arena,Antonio Di Martino
5,Sun,2020-10-25,15:00 (07:00),Benevento,0.5,1–2,2.1,Napoli,1000,Stadio Ciro Vigorito,Daniele Doveri
5,Sun,2020-10-25,15:00 (07:00),Parma,3.2,2–2,0.9,Spezia,1000,Stadio Ennio Tardini,Valerio Marini
5,Sun,2020-10-25,18:00 (10:00),Fiorentina,1.2,3–2,1.8,Udinese,1000,Stadio Artemio Franchi,Francesco Fourneau
5,Sun,2020-10-25,20:45 (12:45),Juventus,1.8,1–1,0.7,Hellas Verona,1000,Allianz Stadium,Fabrizio Pasqua
5,Mon,2020-10-26,20:45 (12:45),Milan,2.6,3–3,2.3,Roma,,Stadio Giuseppe Meazza,Piero Giacomelli
6,Sat,2020-10-31,15:00 (07:00),Crotone,0.4,1–2,2.6,Atalanta,,Stadio Ezio Scida,Federico Dionisi
6,Sat,2020-10-31,18:00 (10:00),Inter,2.5,2–2,0.7,Parma,,Stadio Giuseppe Meazza,Marco Piccinini
6,Sat,2020-10-31,20:45 (12:45),Bologna,1.4,3–2,0.6,Cagliari,,Stadio Renato Dall'Ara,Michael Fabbri
6,Sun,2020-11-01,12:30 (03:30),Udinese,1.1,1–2,1.1,Milan,,Dacia Arena,Marco Di Bello
6,Sun,2020-11-01,15:00 (06:00),Torino,2.8,3–4,1.4,Lazio,,Stadio Olimpico di Torino,Daniele Chiffi
6,Sun,2020-11-01,15:00 (06:00),Spezia,0.7,1–4,3.4,Juventus,,Stadio Dino Manuzzi,Rosario Abisso
6,Sun,2020-11-01,18:00 (09:00),Roma,3.0,2–0,0.4,Fiorentina,,Stadio Olimpico,Daniele Orsato
6,Sun,2020-11-01,18:00 (09:00),Napoli,2.3,0–2,1.4,Sassuolo,,Stadio San Paolo,Maurizio Mariani
6,Sun,2020-11-01,20:45 (11:45),Sampdoria,0.7,1–1,0.6,Genoa,,Stadio Comunale Luigi Ferraris,Federico La Penna
6,Mon,2020-11-02,20:45 (11:45),Hellas Verona,1.7,3–1,1.6,Benevento,,Stadio Marc'Antonio Bentegodi,Juan Sacchi
3,Wed,2020-11-04,17:00 (08:00),Genoa,1.1,1–2,0.6,Torino,,Stadio Comunale Luigi Ferraris,Paolo Valeri
7,Fri,2020-11-06,20:45 (11:45),Sassuolo,0.1,0–0,0.1,Udinese,,Stadio Città del Tricolore,Eugenio Abbattista
7,Sat,2020-11-07,15:00 (06:00),Cagliari,2.1,2–0,0.1,Sampdoria,,Sardegna Arena,Giovanni Ayroldi
7,Sat,2020-11-07,18:00 (09:00),Benevento,0.3,0–3,0.9,Spezia,,Stadio Ciro Vigorito,Gianluca Aureliano
7,Sat,2020-11-07,20:45 (11:45),Parma,0.1,0–0,0.7,Fiorentina,,Stadio Ennio Tardini,Federico La Penna
7,Sun,2020-11-08,12:30 (03:30),Lazio,0.9,1–1,1.2,Juventus,,Stadio Olimpico,Davide Massa
7,Sun,2020-11-08,15:00 (06:00),Atalanta,0.8,1–1,1.0,Inter,,Stadio Atleti Azzurri d'Italia,Daniele Doveri
7,Sun,2020-11-08,15:00 (06:00),Genoa,0.6,1–3,2.0,Roma,,Stadio Comunale Luigi Ferraris,Massimiliano Irrati
7,Sun,2020-11-08,15:00 (06:00),Torino,0.2,0–0,0.3,Crotone,,Stadio Olimpico di Torino,Francesco Fourneau
7,Sun,2020-11-08,18:00 (09:00),Bologna,0.8,0–1,1.2,Napoli,,Stadio Renato Dall'Ara,Fabrizio Pasqua
7,Sun,2020-11-08,20:45 (11:45),Milan,3.3,2–2,1.5,Hellas Verona,,Stadio Giuseppe Meazza,Marco Guida
8,Sat,2020-11-21,15:00 (06:00),Crotone,0.6,0–2,1.8,Lazio,,Stadio Ezio Scida,Juan Sacchi
8,Sat,2020-11-21,18:00 (09:00),Spezia,0.5,0–0,1.2,Atalanta,,Stadio Dino Manuzzi,Antonio Rapuano
8,Sat,2020-11-21,20:45 (11:45),Juventus,2.1,2–0,0.1,Cagliari,,Allianz Stadium,Fabio Maresca
8,Sun,2020-11-22,12:30 (03:30),Fiorentina,0.8,0–1,0.7,Benevento,,Stadio Artemio Franchi,Davide Ghersini
8,Sun,2020-11-22,15:00 (06:00),Hellas Verona,1.2,0–2,0.5,Sassuolo,,Stadio Marc'Antonio Bentegodi,Daniele Chiffi
8,Sun,2020-11-22,15:00 (06:00),Inter,3.6,4–2,1.9,Torino,,Stadio Giuseppe Meazza,Federico La Penna
8,Sun,2020-11-22,15:00 (06:00),Roma,2.8,3–0,0.0,Parma,,Stadio Olimpico,Gianluca Manganiello
8,Sun,2020-11-22,15:00 (06:00),Sampdoria,0.7,1–2,1.7,Bologna,,Stadio Comunale Luigi Ferraris,Livio Marinelli
8,Sun,2020-11-22,18:00 (09:00),Udinese,0.5,1–0,1.0,Genoa,,Dacia Arena,Giampaolo Calvarese
8,Sun,2020-11-22,20:45 (11:45),Napoli,1.7,1–3,2.6,Milan,,Stadio San Paolo,Paolo Valeri
9,Sat,2020-11-28,15:00 (06:00),Sassuolo,0.7,0–3,1.2,Inter,,Stadio Città del Tricolore,Massimiliano Irrati
9,Sat,2020-11-28,18:00 (09:00),Benevento,0.4,1–1,1.6,Juventus,,Stadio Ciro Vigorito,Fabrizio Pasqua
9,Sat,2020-11-28,20:45 (11:45),Atalanta,1.8,0–2,1.7,Hellas Verona,,Stadio Atleti Azzurri d'Italia,Davide Massa
9,Sun,2020-11-29,12:30 (03:30),Lazio,1.3,1–3,1.1,Udinese,,Stadio Olimpico,Gianluca Aureliano
9,Sun,2020-11-29,15:00 (06:00),Milan,2.6,2–0,0.3,Fiorentina,,Stadio Giuseppe Meazza,Rosario Abisso
9,Sun,2020-11-29,15:00 (06:00),Bologna,1.5,1–0,0.4,Crotone,,Stadio Renato Dall'Ara,Marco Serra
9,Sun,2020-11-29,18:00 (09:00),Cagliari,2.3,2–2,2.8,Spezia,,Sardegna Arena,Valerio Marini
9,Sun,2020-11-29,20:45 (11:45),Napoli,1.9,4–0,0.3,Roma,,Stadio San Paolo,Marco Di Bello
9,Mon,2020-11-30,18:30 (09:30),Torino,1.6,2–2,1.1,Sampdoria,,Stadio Olimpico di Torino,Daniele Doveri
9,Mon,2020-11-30,20:45 (11:45),Genoa,1.4,1–2,1.1,Parma,,Stadio Comunale Luigi Ferraris,Maurizio Mariani
10,Sat,2020-12-05,15:00 (06:00),Spezia,1.7,1–2,0.3,Lazio,,Stadio Dino Manuzzi,Daniele Chiffi
10,Sat,2020-12-05,18:00 (09:00),Juventus,1.6,2–1,0.8,Torino,,Allianz Stadium,Daniele Orsato
10,Sat,2020-12-05,20:45 (11:45),Inter,1.5,3–1,1.3,Bologna,,Stadio Giuseppe Meazza,Paolo Valeri
10,Sun,2020-12-06,12:30 (03:30),Hellas Verona,2.8,1–1,1.2,Cagliari,,Stadio Marc'Antonio Bentegodi,Gianluca Manganiello
10,Sun,2020-12-06,15:00 (06:00),Parma,0.4,0–0,0.3,Benevento,,Stadio Ennio Tardini,Juan Sacchi
10,Sun,2020-12-06,15:00 (06:00),Roma,1.2,0–0,0.4,Sassuolo,,Stadio Olimpico,Fabio Maresca
10,Sun,2020-12-06,18:00 (09:00),Crotone,0.5,0–4,2.2,Napoli,,Stadio Ezio Scida,Livio Marinelli
10,Sun,2020-12-06,20:45 (11:45),Sampdoria,1.1,1–2,2.5,Milan,,Stadio Comunale Luigi Ferraris,Giampaolo Calvarese
10,Mon,2020-12-07,20:45 (11:45),Fiorentina,2.7,1–1,1.2,Genoa,,Stadio Artemio Franchi,Daniele Doveri
11,Fri,2020-12-11,20:45 (11:45),Sassuolo,1.0,1–0,2.5,Benevento,,Stadio Città del Tricolore,Simone Sozza
11,Sat,2020-12-12,15:00 (06:00),Crotone,2.2,4–1,1.2,Spezia,,Stadio Ezio Scida,Antonio Giua
11,Sat,2020-12-12,18:00 (09:00),Torino,1.0,2–3,1.2,Udinese,,Stadio Olimpico di Torino,Davide Massa
11,Sat,2020-12-12,20:45 (11:45),Lazio,1.0,1–2,1.2,Hellas Verona,,Stadio Olimpico,Rosario Abisso
11,Sun,2020-12-13,12:45 (03:45),Cagliari,1.6,1–3,3.5,Inter,,Sardegna Arena,Fabrizio Pasqua
11,Sun,2020-12-13,15:00 (06:00),Atalanta,2.6,3–0,0.4,Fiorentina,,Stadio Atleti Azzurri d'Italia,Maurizio Mariani
11,Sun,2020-12-13,15:00 (06:00),Bologna,0.7,1–5,3.4,Roma,,Stadio Renato Dall'Ara,Giampaolo Calvarese
11,Sun,2020-12-13,15:00 (06:00),Napoli,1.1,2–1,1.1,Sampdoria,,Stadio San Paolo,Federico La Penna
11,Sun,2020-12-13,18:00 (09:00),Genoa,0.2,1–3,2.6,Juventus,,Stadio Comunale Luigi Ferraris,Marco Di Bello
11,Sun,2020-12-13,20:45 (11:45),Milan,1.8,2–2,0.6,Parma,,Stadio Giuseppe Meazza,Francesco Fourneau
12,Tue,2020-12-15,18:30 (09:30),Udinese,1.1,0–0,0.2,Crotone,,Dacia Arena,Antonio Di Martino
12,Tue,2020-12-15,20:45 (11:45),Benevento,1.4,1–1,0.8,Lazio,,Stadio Ciro Vigorito,Luca Pairetto
12,Wed,2020-12-16,18:30 (09:30),Juventus,2.7,1–1,1.1,Atalanta,,Allianz Stadium,Daniele Doveri
12,Wed,2020-12-16,20:45 (11:45),Fiorentina,2.0,1–1,1.1,Sassuolo,,Stadio Artemio Franchi,Paolo Valeri
12,Wed,2020-12-16,20:45 (11:45),Genoa,1.2,2–2,1.5,Milan,,Stadio Comunale Luigi Ferraris,Daniele Orsato
12,Wed,2020-12-16,20:45 (11:45),Spezia,3.7,2–2,2.0,Bologna,,Stadio Dino Manuzzi,Piero Giacomelli
12,Wed,2020-12-16,20:45 (11:45),Inter,1.1,1–0,1.7,Napoli,,Stadio Giuseppe Meazza,Davide Massa
12,Wed,2020-12-16,20:45 (11:45),Hellas Verona,1.4,1–2,0.7,Sampdoria,,Stadio Marc'Antonio Bentegodi,Riccardo Ros
12,Wed,2020-12-16,20:45 (11:45),Parma,1.0,0–0,0.3,Cagliari,,Stadio Ennio Tardini,Ivan Pezzuto
12,Thu,2020-12-17,20:45 (11:45),Roma,2.6,3–1,1.5,Torino,,Stadio Olimpico,Rosario Abisso
13,Sat,2020-12-19,15:00 (06:00),Fiorentina,1.2,1–1,1.1,Hellas Verona,,Stadio Artemio Franchi,Francesco Fourneau
13,Sat,2020-12-19,18:00 (09:00),Sampdoria,1.9,3–1,0.9,Crotone,,Stadio Comunale Luigi Ferraris,Gianluca Manganiello
13,Sat,2020-12-19,20:45 (11:45),Parma,0.7,0–4,2.5,Juventus,,Stadio Ennio Tardini,Giampaolo Calvarese
13,Sun,2020-12-20,12:30 (03:30),Torino,0.9,1–1,1.6,Bologna,,Stadio Olimpico di Torino,Fabrizio Pasqua
13,Sun,2020-12-20,15:00 (06:00),Inter,1.8,2–1,0.8,Spezia,,Stadio Giuseppe Meazza,Michael Fabbri
13,Sun,2020-12-20,15:00 (06:00),Benevento,1.6,2–0,0.3,Genoa,,Stadio Ciro Vigorito,Antonio Giua
13,Sun,2020-12-20,15:00 (06:00),Cagliari,0.5,1–1,1.4,Udinese,,Sardegna Arena,Marco Piccinini
13,Sun,2020-12-20,15:00 (06:00),Sassuolo,0.9,1–2,1.5,Milan,,Stadio Città del Tricolore,Maurizio Mariani
13,Sun,2020-12-20,18:00 (09:00),Atalanta,2.0,4–1,0.8,Roma,,Stadio Atleti Azzurri d'Italia,Marco Di Bello
13,Sun,2020-12-20,20:45 (11:45),Lazio,0.8,2–0,0.9,Napoli,,Stadio Olimpico,Daniele Orsato
14,Tue,2020-12-22,18:30 (09:30),Crotone,0.8,2–1,1.2,Parma,,Stadio Ezio Scida,Fabio Maresca
14,Tue,2020-12-22,20:45 (11:45),Juventus,0.4,0–3,1.0,Fiorentina,,Allianz Stadium,Federico La Penna
14,Wed,2020-12-23,18:30 (09:30),Hellas Verona,0.7,1–2,2.1,Inter,,Stadio Marc'Antonio Bentegodi,Piero Giacomelli
14,Wed,2020-12-23,20:45 (11:45),Udinese,1.7,0–2,0.4,Benevento,,Dacia Arena,Manuel Volpi
14,Wed,2020-12-23,20:45 (11:45),Sampdoria,1.7,2–3,2.1,Sassuolo,,Stadio Comunale Luigi Ferraris,Giovanni Ayroldi
14,Wed,2020-12-23,20:45 (11:45),Napoli,0.9,1–1,0.5,Torino,,Stadio San Paolo,Paolo Valeri
14,Wed,2020-12-23,20:45 (11:45),Roma,3.2,3–2,1.7,Cagliari,,Stadio Olimpico,Luca Pairetto
14,Wed,2020-12-23,20:45 (11:45),Bologna,1.0,2–2,1.5,Atalanta,,Stadio Renato Dall'Ara,Daniele Chiffi
14,Wed,2020-12-23,20:45 (11:45),Milan,1.9,3–2,1.8,Lazio,,Stadio Giuseppe Meazza,Marco Di Bello
14,Wed,2020-12-23,20:45 (11:45),Spezia,0.7,1–2,1.6,Genoa,,Stadio Dino Manuzzi,Davide Massa
15,Sun,2021-01-03,12:30 (03:30),Inter,2.5,6–2,1.6,Crotone,,Stadio Giuseppe Meazza,Gianluca Aureliano
15,Sun,2021-01-03,15:00 (06:00),Fiorentina,0.3,0–0,0.7,Bologna,,Stadio Artemio Franchi,Daniele Orsato
15,Sun,2021-01-03,15:00 (06:00),Parma,1.0,0–3,1.6,Torino,,Stadio Ennio Tardini,Daniele Doveri
15,Sun,2021-01-03,15:00 (06:00),Atalanta,2.7,5–1,0.7,Sassuolo,,Stadio Atleti Azzurri d'Italia,Fabio Maresca
15,Sun,2021-01-03,15:00 (06:00),Genoa,0.9,1–1,1.4,Lazio,,Stadio Comunale Luigi Ferraris,Giampaolo Calvarese
15,Sun,2021-01-03,15:00 (06:00),Roma,2.1,1–0,0.4,Sampdoria,,Stadio Olimpico,Daniele Chiffi
15,Sun,2021-01-03,15:00 (06:00),Cagliari,1.0,1–4,3.8,Napoli,,Sardegna Arena,Gianluca Manganiello
15,Sun,2021-01-03,15:00 (06:00),Spezia,0.8,0–1,1.7,Hellas Verona,,Stadio Dino Manuzzi,Luca Pairetto
15,Sun,2021-01-03,18:00 (09:00),Benevento,2.5,0–2,1.5,Milan,,Stadio Ciro Vigorito,Fabrizio Pasqua
15,Sun,2021-01-03,20:45 (11:45),Juventus,2.8,4–1,1.7,Udinese,,Allianz Stadium,Piero Giacomelli
16,Wed,2021-01-06,12:30 (03:30),Cagliari,0.9,1–2,1.2,Benevento,,Sardegna Arena,Eugenio Abbattista
16,Wed,2021-01-06,15:00 (06:00),Bologna,1.0,2–2,1.6,Udinese,,Stadio Renato Dall'Ara,Giovanni Ayroldi
16,Wed,2021-01-06,15:00 (06:00),Lazio,1.2,2–1,1.6,Fiorentina,,Stadio Olimpico,Rosario Abisso
16,Wed,2021-01-06,15:00 (06:00),Sampdoria,1.2,2–1,2.5,Inter,,Stadio Comunale Luigi Ferraris,Paolo Valeri
16,Wed,2021-01-06,15:00 (06:00),Atalanta,1.7,3–0,0.0,Parma,,Stadio Atleti Azzurri d'Italia,Juan Sacchi
16,Wed,2021-01-06,15:00 (06:00),Sassuolo,1.6,2–1,1.1,Genoa,,Stadio Città del Tricolore,Michael Fabbri
16,Wed,2021-01-06,15:00 (06:00),Torino,1.4,1–1,0.4,Hellas Verona,,Stadio Olimpico di Torino,Marco Di Bello
16,Wed,2021-01-06,15:00 (06:00),Crotone,0.8,1–3,2.2,Roma,,Stadio Ezio Scida,Marco Piccinini
16,Wed,2021-01-06,18:00 (09:00),Napoli,3.6,1–2,2.0,Spezia,,Stadio San Paolo,Maurizio Mariani
16,Wed,2021-01-06,20:45 (11:45),Milan,1.3,1–3,1.7,Juventus,,Stadio Giuseppe Meazza,Massimiliano Irrati
17,Sat,2021-01-09,15:00 (06:00),Benevento,0.9,1–4,4.3,Atalanta,,Stadio Ciro Vigorito,Gianluca Manganiello
17,Sat,2021-01-09,18:00 (09:00),Genoa,1.4,2–0,0.5,Bologna,,Stadio Comunale Luigi Ferraris,Daniele Doveri
17,Sat,2021-01-09,20:45 (11:45),Milan,1.6,2–0,0.6,Torino,,Stadio Giuseppe Meazza,Fabio Maresca
17,Sun,2021-01-10,12:30 (03:30),Roma,1.1,2–2,2.0,Inter,,Stadio Olimpico,Marco Di Bello
17,Sun,2021-01-10,15:00 (06:00),Udinese,2.8,1–2,1.9,Napoli,,Dacia Arena,Fabrizio Pasqua
17,Sun,2021-01-10,15:00 (06:00),Parma,0.6,0–2,3.6,Lazio,,Stadio Ennio Tardini,Luca Pairetto
17,Sun,2021-01-10,15:00 (06:00),Hellas Verona,1.1,2–1,0.7,Crotone,,Stadio Marc'Antonio Bentegodi,Luca Massimi
17,Sun,2021-01-10,18:00 (09:00),Fiorentina,2.0,1–0,1.3,Cagliari,,Stadio Artemio Franchi,Piero Giacomelli
17,Sun,2021-01-10,20:45 (11:45),Juventus,3.6,3–1,1.1,Sassuolo,,Allianz Stadium,Davide Massa
17,Mon,2021-01-11,20:45 (11:45),Spezia,1.4,2–1,1.0,Sampdoria,,Stadio Dino Manuzzi,Marco Piccinini
18,Fri,2021-01-15,20:45 (11:45),Lazio,1.0,3–0,1.3,Roma,,Stadio Olimpico,Daniele Orsato
18,Sat,2021-01-16,15:00 (06:00),Bologna,1.8,1–0,0.9,Hellas Verona,,Stadio Renato Dall'Ara,Maurizio Mariani
18,Sat,2021-01-16,18:00 (09:00),Torino,1.0,0–0,0.4,Spezia,,Stadio Olimpico di Torino,Michael Fabbri
18,Sat,2021-01-16,20:45 (11:45),Sampdoria,1.9,2–1,1.9,Udinese,,Stadio Comunale Luigi Ferraris,Juan Sacchi
18,Sun,2021-01-17,12:30 (03:30),Napoli,1.8,6–0,0.9,Fiorentina,,Stadio San Paolo,Daniele Chiffi
18,Sun,2021-01-17,15:00 (06:00),Crotone,1.4,4–1,2.4,Benevento,,Stadio Ezio Scida,Simone Sozza
18,Sun,2021-01-17,15:00 (06:00),Sassuolo,1.8,1–1,0.9,Parma,,Stadio Città del Tricolore,Ivan Pezzuto
18,Sun,2021-01-17,18:00 (09:00),Atalanta,1.8,0–0,0.8,Genoa,,Stadio Atleti Azzurri d'Italia,Livio Marinelli
18,Sun,2021-01-17,20:45 (11:45),Inter,2.0,2–0,0.5,Juventus,,Stadio Giuseppe Meazza,Daniele Doveri
18,Mon,2021-01-18,20:45 (11:45),Cagliari,1.2,0–2,2.0,Milan,,Sardegna Arena,Rosario Abisso
10,Wed,2021-01-20,15:00 (06:00),Udinese,0.3,1–1,1.4,Atalanta,,Dacia Arena,Giampaolo Calvarese
19,Fri,2021-01-22,20:45 (11:45),Benevento,1.9,2–2,1.5,Torino,,Stadio Ciro Vigorito,Piero Giacomelli
19,Sat,2021-01-23,15:00 (06:00),Roma,2.6,4–3,1.2,Spezia,,Stadio Olimpico,Luca Pairetto
19,Sat,2021-01-23,18:00 (09:00),Milan,1.6,0–3,2.4,Atalanta,,Stadio Giuseppe Meazza,Maurizio Mariani
19,Sat,2021-01-23,18:00 (09:00),Udinese,0.5,0–0,0.8,Inter,,Dacia Arena,Fabio Maresca
19,Sat,2021-01-23,20:45 (11:45),Fiorentina,1.6,2–1,0.7,Crotone,,Stadio Artemio Franchi,Marco Piccinini
19,Sun,2021-01-24,12:30 (03:30),Juventus,2.7,2–0,0.5,Bologna,,Allianz Stadium,Juan Sacchi
19,Sun,2021-01-24,15:00 (06:00),Genoa,1.9,1–0,1.1,Cagliari,,Stadio Comunale Luigi Ferraris,Marco Di Bello
19,Sun,2021-01-24,15:00 (06:00),Hellas Verona,1.7,3–1,0.9,Napoli,,Stadio Marc'Antonio Bentegodi,Michael Fabbri
19,Sun,2021-01-24,18:00 (09:00),Lazio,1.4,2–1,0.6,Sassuolo,,Stadio Olimpico,Antonio Giua
19,Sun,2021-01-24,20:45 (11:45),Parma,0.8,0–2,1.3,Sampdoria,,Stadio Ennio Tardini,Gianluca Manganiello
20,Fri,2021-01-29,20:45 (11:45),Torino,2.1,1–1,1.3,Fiorentina,,Stadio Olimpico di Torino,Marco Di Bello
20,Sat,2021-01-30,15:00 (06:00),Bologna,1.1,1–2,2.7,Milan,,Stadio Renato Dall'Ara,Daniele Doveri
20,Sat,2021-01-30,18:00 (09:00),Sampdoria,0.4,0–2,1.9,Juventus,,Stadio Comunale Luigi Ferraris,Michael Fabbri
20,Sat,2021-01-30,20:45 (11:45),Inter,1.6,4–0,0.0,Benevento,,Stadio Giuseppe Meazza,Fabrizio Pasqua
20,Sun,2021-01-31,12:30 (03:30),Spezia,0.8,0–1,1.0,Udinese,,Stadio Dino Manuzzi,Antonio Di Martino
20,Sun,2021-01-31,15:00 (06:00),Atalanta,1.2,1–3,2.9,Lazio,,Stadio Atleti Azzurri d'Italia,Daniele Chiffi
20,Sun,2021-01-31,15:00 (06:00),Crotone,0.6,0–3,1.0,Genoa,,Stadio Ezio Scida,Piero Giacomelli
20,Sun,2021-01-31,15:00 (06:00),Cagliari,0.7,1–1,1.7,Sassuolo,,Sardegna Arena,Maurizio Mariani
20,Sun,2021-01-31,18:00 (09:00),Napoli,0.7,2–0,0.2,Parma,,Stadio San Paolo,Federico La Penna
20,Sun,2021-01-31,20:45 (11:45),Roma,1.8,3–1,0.9,Hellas Verona,,Stadio Olimpico,Marco Piccinini
21,Fri,2021-02-05,20:45 (11:45),Fiorentina,0.6,0–2,2.4,Inter,,Stadio Artemio Franchi,Federico La Penna
21,Sat,2021-02-06,15:00 (06:00),Sassuolo,1.0,1–2,1.6,Spezia,,Stadio Città del Tricolore,Juan Sacchi
21,Sat,2021-02-06,15:00 (06:00),Atalanta,1.8,3–3,2.8,Torino,,Stadio Atleti Azzurri d'Italia,Francesco Fourneau
21,Sat,2021-02-06,18:00 (09:00),Juventus,0.2,2–0,1.0,Roma,,Allianz Stadium,Daniele Orsato
21,Sat,2021-02-06,20:45 (11:45),Genoa,1.2,2–1,1.5,Napoli,,Stadio Comunale Luigi Ferraris,Gianluca Manganiello
21,Sun,2021-02-07,12:30 (03:30),Benevento,1.1,1–1,2.0,Sampdoria,,Stadio Ciro Vigorito,Gianluca Aureliano
21,Sun,2021-02-07,15:00 (06:00),Milan,2.5,4–0,0.6,Crotone,,Stadio Giuseppe Meazza,Luca Pairetto
21,Sun,2021-02-07,15:00 (06:00),Udinese,2.0,2–0,0.4,Hellas Verona,,Dacia Arena,Alberto Santoro
21,Sun,2021-02-07,18:00 (09:00),Parma,1.1,0–3,1.5,Bologna,,Stadio Ennio Tardini,Marco Guida
21,Sun,2021-02-07,20:45 (11:45),Lazio,1.1,1–0,0.9,Cagliari,,Stadio Olimpico,Massimiliano Irrati
22,Fri,2021-02-12,20:45 (11:45),Bologna,1.8,1–1,1.1,Benevento,,Stadio Renato Dall'Ara,Davide Ghersini
22,Sat,2021-02-13,15:00 (06:00),Torino,0.8,0–0,0.4,Genoa,,Stadio Olimpico di Torino,Fabrizio Pasqua
22,Sat,2021-02-13,18:00 (09:00),Napoli,1.0,1–0,1.7,Juventus,,Stadio San Paolo,Daniele Doveri
22,Sat,2021-02-13,20:45 (11:45),Spezia,1.9,2–0,0.4,Milan,,Stadio Dino Manuzzi,Daniele Chiffi
22,Sun,2021-02-14,12:30 (03:30),Roma,2.0,3–0,0.4,Udinese,,Stadio Olimpico,Piero Giacomelli
22,Sun,2021-02-14,15:00 (06:00),Sampdoria,0.9,2–1,1.8,Fiorentina,,Stadio Comunale Luigi Ferraris,Fabio Maresca
22,Sun,2021-02-14,15:00 (06:00),Cagliari,0.3,0–1,0.7,Atalanta,,Sardegna Arena,Marco Piccinini
22,Sun,2021-02-14,18:00 (09:00),Crotone,0.7,1–2,2.7,Sassuolo,,Stadio Ezio Scida,Ivan Pezzuto
22,Sun,2021-02-14,20:45 (11:45),Inter,2.8,3–1,0.9,Lazio,,Stadio Giuseppe Meazza,Michael Fabbri
22,Mon,2021-02-15,20:45 (11:45),Hellas Verona,1.0,2–1,1.6,Parma,,Stadio Marc'Antonio Bentegodi,Luca Massimi
23,Fri,2021-02-19,18:30 (09:30),Fiorentina,2.6,3–0,0.6,Spezia,,Stadio Artemio Franchi,Giampaolo Calvarese
23,Fri,2021-02-19,20:45 (11:45),Cagliari,1.1,0–1,0.9,Torino,,Sardegna Arena,Daniele Orsato
23,Sat,2021-02-20,15:00 (06:00),Lazio,1.4,1–0,0.6,Sampdoria,,Stadio Olimpico,Davide Massa
23,Sat,2021-02-20,18:00 (09:00),Genoa,1.1,2–2,1.5,Hellas Verona,,Stadio Comunale Luigi Ferraris,Matteo Marchetti
23,Sat,2021-02-20,20:45 (11:45),Sassuolo,2.3,1–1,0.4,Bologna,,Stadio Città del Tricolore,Federico La Penna
23,Sun,2021-02-21,12:30 (03:30),Parma,2.5,2–2,1.1,Udinese,,Stadio Ennio Tardini,Massimiliano Irrati
23,Sun,2021-02-21,15:00 (06:00),Milan,1.0,0–3,2.3,Inter,,Stadio Giuseppe Meazza,Daniele Doveri
23,Sun,2021-02-21,18:00 (09:00),Atalanta,2.2,4–2,0.5,Napoli,,Stadio Atleti Azzurri d'Italia,Marco Di Bello
23,Sun,2021-02-21,20:45 (11:45),Benevento,0.3,0–0,1.0,Roma,,Stadio Ciro Vigorito,Luca Pairetto
23,Mon,2021-02-22,20:45 (11:45),Juventus,4.4,3–0,0.8,Crotone,,Allianz Stadium,Valerio Marini
24,Sat,2021-02-27,15:00 (06:00),Spezia,1.8,2–2,1.3,Parma,,Stadio Dino Manuzzi,Daniele Orsato
24,Sat,2021-02-27,18:00 (09:00),Bologna,1.3,2–0,2.3,Lazio,,Stadio Renato Dall'Ara,Piero Giacomelli
24,Sat,2021-02-27,20:45 (11:45),Hellas Verona,0.7,1–1,1.0,Juventus,,Stadio Marc'Antonio Bentegodi,Fabio Maresca
24,Sun,2021-02-28,12:30 (03:30),Sampdoria,0.5,0–2,1.9,Atalanta,,Stadio Comunale Luigi Ferraris,Livio Marinelli
24,Sun,2021-02-28,15:00 (06:00),Udinese,0.9,1–0,0.4,Fiorentina,,Dacia Arena,Manuel Volpi
24,Sun,2021-02-28,15:00 (06:00),Inter,2.2,3–0,0.2,Genoa,,Stadio Giuseppe Meazza,Daniele Chiffi
24,Sun,2021-02-28,15:00 (06:00),Crotone,0.8,0–2,1.3,Cagliari,,Stadio Ezio Scida,Michael Fabbri
24,Sun,2021-02-28,18:00 (09:00),Napoli,2.0,2–0,0.3,Benevento,,Stadio San Paolo,Rosario Abisso
24,Sun,2021-02-28,20:45 (11:45),Roma,2.0,1–2,3.2,Milan,,Stadio Olimpico,Marco Guida
25,Tue,2021-03-02,20:45 (11:45),Juventus,2.2,3–0,1.4,Spezia,,Allianz Stadium,Juan Sacchi
25,Wed,2021-03-03,18:30 (09:30),Sassuolo,2.6,3–3,2.4,Napoli,,Stadio Città del Tricolore,Valerio Marini
25,Wed,2021-03-03,20:45 (11:45),Atalanta,3.2,5–1,0.9,Crotone,,Stadio Atleti Azzurri d'Italia,Simone Sozza
25,Wed,2021-03-03,20:45 (11:45),Benevento,0.4,0–3,2.1,Hellas Verona,,Stadio Ciro Vigorito,Giovanni Ayroldi
25,Wed,2021-03-03,20:45 (11:45),Milan,1.3,1–1,0.6,Udinese,,Stadio Giuseppe Meazza,Davide Massa
25,Wed,2021-03-03,20:45 (11:45),Genoa,0.3,1–1,0.5,Sampdoria,,Stadio Comunale Luigi Ferraris,Luca Pairetto
25,Wed,2021-03-03,20:45 (11:45),Cagliari,1.1,1–0,0.8,Bologna,,Sardegna Arena,Marco Di Bello
25,Wed,2021-03-03,20:45 (11:45),Fiorentina,0.6,1–2,1.6,Roma,,Stadio Artemio Franchi,Giampaolo Calvarese
25,Thu,2021-03-04,20:45 (11:45),Parma,0.7,1–2,2.5,Inter,,Stadio Ennio Tardini,Fabrizio Pasqua
26,Sat,2021-03-06,15:00 (06:00),Spezia,1.1,1–1,0.5,Benevento,,Stadio Dino Manuzzi,Francesco Fourneau
26,Sat,2021-03-06,18:00 (09:00),Udinese,1.4,2–0,0.7,Sassuolo,,Dacia Arena,Lorenzo Maggioni
26,Sat,2021-03-06,20:45 (11:45),Juventus,1.3,3–1,1.1,Lazio,,Allianz Stadium,Davide Massa
26,Sun,2021-03-07,12:30 (03:30),Roma,1.2,1–0,0.2,Genoa,,Stadio Olimpico,Michael Fabbri
26,Sun,2021-03-07,15:00 (06:00),Fiorentina,0.7,3–3,2.2,Parma,,Stadio Artemio Franchi,Rosario Abisso
26,Sun,2021-03-07,15:00 (06:00),Crotone,2.1,4–2,1.4,Torino,,Stadio Ezio Scida,Marco Guida
26,Sun,2021-03-07,15:00 (06:00),Hellas Verona,0.7,0–2,0.7,Milan,,Stadio Marc'Antonio Bentegodi,Daniele Orsato
26,Sun,2021-03-07,18:00 (09:00),Sampdoria,0.8,2–2,0.8,Cagliari,,Stadio Comunale Luigi Ferraris,Piero Giacomelli
26,Sun,2021-03-07,20:45 (11:45),Napoli,1.4,3–1,0.9,Bologna,,Stadio San Paolo,Daniele Chiffi
26,Mon,2021-03-08,20:45 (11:45),Inter,0.3,1–0,0.9,Atalanta,,Stadio Giuseppe Meazza,Maurizio Mariani
27,Fri,2021-03-12,15:00 (06:00),Lazio,2.2,3–2,1.2,Crotone,,Stadio Olimpico,Antonio Rapuano
27,Fri,2021-03-12,20:45 (11:45),Atalanta,1.9,3–1,1.1,Spezia,,Stadio Atleti Azzurri d'Italia,Valerio Marini
27,Sat,2021-03-13,15:00 (06:00),Sassuolo,1.4,3–2,1.1,Hellas Verona,,Stadio Città del Tricolore,Alessandro Prontera
27,Sat,2021-03-13,18:00 (09:00),Benevento,1.5,1–4,2.0,Fiorentina,,Stadio Ciro Vigorito,Piero Giacomelli
27,Sat,2021-03-13,20:45 (11:45),Genoa,1.0,1–1,1.5,Udinese,,Stadio Comunale Luigi Ferraris,Giacomo Camplone
27,Sun,2021-03-14,12:30 (04:30),Bologna,1.9,3–1,2.0,Sampdoria,,Stadio Renato Dall'Ara,Massimiliano Irrati
27,Sun,2021-03-14,15:00 (07:00),Torino,0.9,1–2,1.9,Inter,,Stadio Olimpico di Torino,Paolo Valeri
27,Sun,2021-03-14,15:00 (07:00),Parma,1.7,2–0,1.9,Roma,,Stadio Ennio Tardini,Marco Piccinini
27,Sun,2021-03-14,18:00 (10:00),Cagliari,0.7,1–3,2.3,Juventus,,Sardegna Arena,Giampaolo Calvarese
27,Sun,2021-03-14,20:45 (12:45),Milan,1.0,0–1,1.3,Napoli,,Stadio Giuseppe Meazza,Fabrizio Pasqua
24,Wed,2021-03-17,15:00 (07:00),Torino,2.3,3–2,1.0,Sassuolo,,Stadio Olimpico di Torino,Maurizio Mariani
28,Fri,2021-03-19,20:45 (12:45),Parma,1.2,1–2,1.0,Genoa,,Stadio Ennio Tardini,Daniele Doveri
28,Sat,2021-03-20,15:00 (07:00),Crotone,1.8,2–3,3.2,Bologna,,Stadio Ezio Scida,Francesco Fourneau
28,Sat,2021-03-20,18:00 (10:00),Spezia,1.0,2–1,2.5,Cagliari,,Stadio Dino Manuzzi,Maurizio Mariani
28,Sun,2021-03-21,12:30 (04:30),Hellas Verona,0.2,0–2,2.1,Atalanta,,Stadio Marc'Antonio Bentegodi,Luca Pairetto
28,Sun,2021-03-21,15:00 (07:00),Sampdoria,1.1,1–0,0.5,Torino,,Stadio Comunale Luigi Ferraris,Daniele Orsato
28,Sun,2021-03-21,15:00 (07:00),Juventus,1.8,0–1,0.3,Benevento,,Allianz Stadium,Rosario Abisso
28,Sun,2021-03-21,15:00 (07:00),Udinese,1.4,0–1,1.1,Lazio,,Dacia Arena,Fabio Maresca
28,Sun,2021-03-21,18:00 (10:00),Fiorentina,0.2,2–3,1.7,Milan,,Stadio Artemio Franchi,Marco Guida
28,Sun,2021-03-21,20:45 (12:45),Roma,0.5,0–2,1.0,Napoli,,Stadio Olimpico,Marco Di Bello
29,Sat,2021-04-03,12:30 (03:30),Milan,1.2,1–1,0.7,Sampdoria,,Stadio Giuseppe Meazza,Marco Piccinini
29,Sat,2021-04-03,15:00 (06:00),Sassuolo,3.2,2–2,2.1,Roma,,Stadio Città del Tricolore,Luca Pairetto
29,Sat,2021-04-03,15:00 (06:00),Cagliari,2.0,0–2,1.2,Hellas Verona,,Sardegna Arena,Daniele Doveri
29,Sat,2021-04-03,15:00 (06:00),Atalanta,2.8,3–2,0.7,Udinese,,Stadio Atleti Azzurri d'Italia,Gianluca Manganiello
29,Sat,2021-04-03,15:00 (06:00),Benevento,1.0,2–2,1.8,Parma,,Stadio Ciro Vigorito,Davide Massa
29,Sat,2021-04-03,15:00 (06:00),Lazio,2.1,2–1,0.7,Spezia,,Stadio Olimpico,Antonio Giua
29,Sat,2021-04-03,15:00 (06:00),Napoli,2.8,4–3,1.2,Crotone,,Stadio San Paolo,Antonio Di Martino
29,Sat,2021-04-03,15:00 (06:00),Genoa,0.7,1–1,0.7,Fiorentina,,Stadio Comunale Luigi Ferraris,Fabio Maresca
29,Sat,2021-04-03,18:00 (09:00),Torino,0.8,2–2,2.3,Juventus,,Stadio Olimpico di Torino,Michael Fabbri
29,Sat,2021-04-03,20:45 (11:45),Bologna,0.8,0–1,1.6,Inter,,Stadio Renato Dall'Ara,Piero Giacomelli
3,Wed,2021-04-07,18:45 (09:45),Juventus,1.4,2–1,1.5,Napoli,,Allianz Stadium,Maurizio Mariani
28,Wed,2021-04-07,18:45 (09:45),Inter,1.0,2–1,0.7,Sassuolo,,Stadio Giuseppe Meazza,Massimiliano Irrati
30,Sat,2021-04-10,15:00 (06:00),Spezia,1.5,3–2,1.7,Crotone,,Stadio Dino Manuzzi,Simone Sozza
30,Sat,2021-04-10,18:00 (09:00),Parma,1.1,1–3,1.2,Milan,,Stadio Ennio Tardini,Fabio Maresca
30,Sat,2021-04-10,20:45 (11:45),Udinese,1.5,0–1,1.5,Torino,,Dacia Arena,Daniele Doveri
30,Sun,2021-04-11,12:30 (03:30),Inter,1.3,1–0,0.5,Cagliari,,Stadio Giuseppe Meazza,Luca Pairetto
30,Sun,2021-04-11,15:00 (06:00),Juventus,2.3,3–1,1.1,Genoa,,Allianz Stadium,Marco Di Bello
30,Sun,2021-04-11,15:00 (06:00),Sampdoria,1.0,0–2,1.9,Napoli,,Stadio Comunale Luigi Ferraris,Paolo Valeri
30,Sun,2021-04-11,15:00 (06:00),Hellas Verona,0.2,0–1,0.7,Lazio,,Stadio Marc'Antonio Bentegodi,Daniele Chiffi
30,Sun,2021-04-11,18:00 (09:00),Roma,1.6,1–0,1.4,Bologna,,Stadio Olimpico,Marco Guida
30,Sun,2021-04-11,20:45 (11:45),Fiorentina,1.3,2–3,2.5,Atalanta,,Stadio Artemio Franchi,Juan Sacchi
30,Mon,2021-04-12,20:45 (11:45),Benevento,0.7,0–1,1.8,Sassuolo,,Stadio Ciro Vigorito,Valerio Marini
31,Sat,2021-04-17,15:00 (06:00),Sampdoria,1.8,3–1,1.5,Hellas Verona,,Stadio Comunale Luigi Ferraris,Federico Dionisi
31,Sat,2021-04-17,15:00 (06:00),Crotone,1.2,1–2,0.9,Udinese,,Stadio Ezio Scida,Luca Massimi
31,Sat,2021-04-17,18:00 (09:00),Sassuolo,2.1,3–1,0.7,Fiorentina,,Stadio Città del Tricolore,Gianluca Aureliano
31,Sat,2021-04-17,20:45 (11:45),Cagliari,1.6,4–3,1.3,Parma,,Sardegna Arena,Paolo Valeri
31,Sun,2021-04-18,12:30 (03:30),Milan,1.2,2–1,1.0,Genoa,,Stadio Giuseppe Meazza,Giampaolo Calvarese
31,Sun,2021-04-18,15:00 (06:00),Bologna,3.5,4–1,0.6,Spezia,,Stadio Renato Dall'Ara,Marco Piccinini
31,Sun,2021-04-18,15:00 (06:00),Atalanta,0.7,1–0,1.2,Juventus,,Stadio Atleti Azzurri d'Italia,Daniele Orsato
31,Sun,2021-04-18,15:00 (06:00),Lazio,3.7,5–3,1.6,Benevento,,Stadio Olimpico,Davide Ghersini
31,Sun,2021-04-18,18:00 (09:00),Torino,3.7,3–1,1.5,Roma,,Stadio Olimpico di Torino,Davide Massa
31,Sun,2021-04-18,20:45 (11:45),Napoli,0.7,1–1,0.9,Inter,,Stadio San Paolo,Daniele Doveri
32,Tue,2021-04-20,20:45 (11:45),Hellas Verona,0.8,1–2,1.2,Fiorentina,,Stadio Marc'Antonio Bentegodi,Alessandro Prontera
32,Wed,2021-04-21,18:30 (09:30),Milan,1.3,1–2,1.9,Sassuolo,,Stadio Giuseppe Meazza,Juan Sacchi
32,Wed,2021-04-21,20:45 (11:45),Juventus,2.1,3–1,1.1,Parma,,Allianz Stadium,Piero Giacomelli
32,Wed,2021-04-21,20:45 (11:45),Spezia,0.0,1–1,2.5,Inter,,Stadio Dino Manuzzi,Daniele Chiffi
32,Wed,2021-04-21,20:45 (11:45),Genoa,1.2,2–2,1.0,Benevento,,Stadio Comunale Luigi Ferraris,Luca Pairetto
32,Wed,2021-04-21,20:45 (11:45),Udinese,0.9,0–1,1.6,Cagliari,,Dacia Arena,Marco Guida
32,Wed,2021-04-21,20:45 (11:45),Bologna,0.4,1–1,2.0,Torino,,Stadio Renato Dall'Ara,Valerio Marini
32,Wed,2021-04-21,20:45 (11:45),Crotone,0.7,0–1,1.9,Sampdoria,,Stadio Ezio Scida,Daniele Paterna
32,Thu,2021-04-22,18:30 (09:30),Roma,1.0,1–1,2.8,Atalanta,,Stadio Olimpico,Giampaolo Calvarese
32,Thu,2021-04-22,20:45 (11:45),Napoli,1.5,5–2,1.7,Lazio,,Stadio San Paolo,Marco Di Bello
33,Sat,2021-04-24,15:00 (06:00),Genoa,1.7,2–0,0.6,Spezia,,Stadio Comunale Luigi Ferraris,Gianluca Manganiello
33,Sat,2021-04-24,18:00 (09:00),Parma,1.7,3–4,2.6,Crotone,,Stadio Ennio Tardini,Antonio Rapuano
33,Sat,2021-04-24,20:45 (11:45),Sassuolo,1.4,1–0,1.5,Sampdoria,,Stadio Città del Tricolore,Matteo Gariglio
33,Sun,2021-04-25,12:30 (03:30),Benevento,2.7,2–4,1.1,Udinese,,Stadio Ciro Vigorito,Maurizio Mariani
33,Sun,2021-04-25,15:00 (06:00),Fiorentina,1.3,1–1,1.1,Juventus,,Stadio Artemio Franchi,Davide Massa
33,Sun,2021-04-25,15:00 (06:00),Inter,1.1,1–0,1.0,Hellas Verona,,Stadio Giuseppe Meazza,Rosario Abisso
33,Sun,2021-04-25,18:00 (09:00),Cagliari,1.1,3–2,1.7,Roma,,Sardegna Arena,Massimiliano Irrati
33,Sun,2021-04-25,20:45 (11:45),Atalanta,4.2,5–0,0.8,Bologna,,Stadio Atleti Azzurri d'Italia,Michael Fabbri
33,Mon,2021-04-26,18:30 (09:30),Torino,0.9,0–2,2.6,Napoli,,Stadio Olimpico di Torino,Paolo Valeri
33,Mon,2021-04-26,20:45 (11:45),Lazio,1.9,3–0,1.5,Milan,,Stadio Olimpico,Daniele Orsato
34,Sat,2021-05-01,15:00 (06:00),Hellas Verona,1.3,1–1,0.8,Spezia,,Stadio Marc'Antonio Bentegodi,Manuel Volpi
34,Sat,2021-05-01,18:00 (09:00),Crotone,0.5,0–2,2.0,Inter,,Stadio Ezio Scida,Alessandro Prontera
34,Sat,2021-05-01,20:45 (11:45),Milan,2.9,2–0,0.8,Benevento,,Stadio Giuseppe Meazza,Giampaolo Calvarese
34,Sun,2021-05-02,12:30 (03:30),Lazio,2.9,4–3,1.4,Genoa,,Stadio Olimpico,Piero Giacomelli
34,Sun,2021-05-02,15:00 (06:00),Napoli,2.1,1–1,1.4,Cagliari,,Stadio San Paolo,Michael Fabbri
34,Sun,2021-05-02,15:00 (06:00),Sassuolo,1.3,1–1,1.5,Atalanta,,Stadio Città del Tricolore,Luca Pairetto
34,Sun,2021-05-02,15:00 (06:00),Bologna,1.9,3–3,2.1,Fiorentina,,Stadio Renato Dall'Ara,Federico Dionisi
34,Sun,2021-05-02,18:00 (09:00),Udinese,0.4,1–2,1.8,Juventus,,Dacia Arena,Daniele Chiffi
34,Sun,2021-05-02,20:45 (11:45),Sampdoria,1.4,2–0,1.5,Roma,,Stadio Comunale Luigi Ferraris,Juan Sacchi
34,Mon,2021-05-03,20:45 (11:45),Torino,1.7,1–0,0.4,Parma,,Stadio Olimpico di Torino,Gianluca Aureliano
35,Sat,2021-05-08,15:00 (06:00),Spezia,1.0,1–4,2.3,Napoli,,Stadio Dino Manuzzi,Massimiliano Irrati
35,Sat,2021-05-08,15:00 (06:00),Udinese,0.5,1–1,2.0,Bologna,,Dacia Arena,Alberto Santoro
35,Sat,2021-05-08,18:00 (09:00),Inter,2.0,5–1,1.3,Sampdoria,,Stadio Giuseppe Meazza,Giovanni Ayroldi
35,Sat,2021-05-08,20:45 (11:45),Fiorentina,1.9,2–0,1.1,Lazio,,Stadio Artemio Franchi,Fabio Maresca
35,Sun,2021-05-09,12:30 (03:30),Genoa,0.8,1–2,1.6,Sassuolo,,Stadio Comunale Luigi Ferraris,Maurizio Mariani
35,Sun,2021-05-09,15:00 (06:00),Parma,1.5,2–5,4.1,Atalanta,,Stadio Ennio Tardini,Antonio Giua
35,Sun,2021-05-09,15:00 (06:00),Benevento,1.1,1–3,1.7,Cagliari,,Stadio Ciro Vigorito,Daniele Doveri
35,Sun,2021-05-09,15:00 (06:00),Hellas Verona,1.8,1–1,0.6,Torino,,Stadio Marc'Antonio Bentegodi,Davide Massa
35,Sun,2021-05-09,18:00 (09:00),Roma,2.1,5–0,0.5,Crotone,,Stadio Olimpico,Simone Sozza
35,Sun,2021-05-09,20:45 (11:45),Juventus,1.0,0–3,1.2,Milan,,Allianz Stadium,Paolo Valeri
36,Tue,2021-05-11,20:45 (11:45),Napoli,3.6,5–1,0.1,Udinese,,Stadio San Paolo,Giampaolo Calvarese
36,Wed,2021-05-12,18:30 (09:30),Cagliari,0.4,0–0,0.1,Fiorentina,,Sardegna Arena,Maurizio Mariani
36,Wed,2021-05-12,20:45 (11:45),Inter,2.9,3–1,1.5,Roma,,Stadio Giuseppe Meazza,Daniele Chiffi
36,Wed,2021-05-12,20:45 (11:45),Atalanta,1.8,2–0,0.3,Benevento,,Stadio Atleti Azzurri d'Italia,Davide Massa
36,Wed,2021-05-12,20:45 (11:45),Sampdoria,1.8,2–2,2.7,Spezia,,Stadio Comunale Luigi Ferraris,Fabio Maresca
36,Wed,2021-05-12,20:45 (11:45),Torino,1.1,0–7,3.9,Milan,,Stadio Olimpico di Torino,Marco Guida
36,Wed,2021-05-12,20:45 (11:45),Sassuolo,2.4,1–3,1.4,Juventus,,Stadio Città del Tricolore,Piero Giacomelli
36,Wed,2021-05-12,20:45 (11:45),Lazio,1.7,1–0,0.6,Parma,,Stadio Olimpico,Federico Dionisi
36,Wed,2021-05-12,20:45 (11:45),Bologna,2.2,0–2,1.8,Genoa,,Stadio Renato Dall'Ara,Francesco Fourneau
36,Thu,2021-05-13,20:45 (11:45),Crotone,0.6,2–1,0.7,Hellas Verona,,Stadio Ezio Scida,Luca Massimi
37,Sat,2021-05-15,15:00 (06:00),Genoa,2.0,3–4,2.3,Atalanta,,Stadio Comunale Luigi Ferraris,Livio Marinelli
37,Sat,2021-05-15,15:00 (06:00),Spezia,2.5,4–1,1.0,Torino,,Stadio Dino Manuzzi,Daniele Orsato
37,Sat,2021-05-15,18:00 (09:00),Juventus,2.5,3–2,1.3,Inter,,Allianz Stadium,Giampaolo Calvarese
37,Sat,2021-05-15,20:45 (11:45),Roma,0.9,2–0,0.9,Lazio,,Stadio Olimpico,Luca Pairetto
37,Sun,2021-05-16,12:30 (03:30),Fiorentina,0.5,0–2,1.9,Napoli,,Stadio Artemio Franchi,Rosario Abisso
37,Sun,2021-05-16,15:00 (06:00),Udinese,0.5,0–1,1.9,Sampdoria,,Dacia Arena,Matteo Gariglio
37,Sun,2021-05-16,15:00 (06:00),Benevento,2.1,1–1,1.0,Crotone,,Stadio Ciro Vigorito,Piero Giacomelli
37,Sun,2021-05-16,18:00 (09:00),Parma,1.2,1–3,2.1,Sassuolo,,Stadio Ennio Tardini,Marco Piccinini
37,Sun,2021-05-16,20:45 (11:45),Milan,1.4,0–0,0.5,Cagliari,,Stadio Giuseppe Meazza,Davide Massa
37,Mon,2021-05-17,20:45 (11:45),Hellas Verona,1.1,2–2,1.9,Bologna,,Stadio Marc'Antonio Bentegodi,Matteo Marchetti
25,Tue,2021-05-18,20:30 (11:30),Lazio,2.5,0–0,0.4,Torino,,Stadio Olimpico,Michael Fabbri
38,Sat,2021-05-22,20:45 (11:45),Crotone,1.4,0–0,0.6,Fiorentina,,Stadio Ezio Scida,Eugenio Abbattista
38,Sat,2021-05-22,20:45 (11:45),Cagliari,1.7,0–1,1.5,Genoa,,Sardegna Arena,Francesco Meraviglia
38,Sat,2021-05-22,20:45 (11:45),Sampdoria,1.3,3–0,0.8,Parma,,Stadio Comunale Luigi Ferraris,Daniele Paterna
38,Sun,2021-05-23,15:00 (06:00),Inter,2.7,5–1,1.1,Udinese,1000,Stadio Giuseppe Meazza,Manuel Volpi
38,Sun,2021-05-23,20:45 (11:45),Sassuolo,1.7,2–0,1.2,Lazio,,Stadio Città del Tricolore,Alessandro Prontera
38,Sun,2021-05-23,20:45 (11:45),Napoli,1.2,1–1,1.1,Hellas Verona,,Stadio San Paolo,Daniele Chiffi
38,Sun,2021-05-23,20:45 (11:45),Torino,1.9,1–1,0.6,Benevento,,Stadio Olimpico di Torino,Marco Di Bello
38,Sun,2021-05-23,20:45 (11:45),Atalanta,0.5,0–2,1.9,Milan,,Stadio Atleti Azzurri d'Italia,Maurizio Mariani
38,Sun,2021-05-23,20:45 (11:45),Bologna,1.4,1–4,3.7,Juventus,,Stadio Renato Dall'Ara,Paolo Valeri
38,Sun,2021-05-23,20:45 (11:45),Spezia,2.3,2–2,1.7,Roma,,Stadio Dino Manuzzi,Ivan Pezzuto
